target	run	status	origin	source	section	label	value	unit	iterations	platform	commit	contaminated
desktop	1	ok	python.multiplatform.overhead.BenchmarkTest	Benchmark.printReport		PyObject_GetAttrString	197.55	ns	10000		958c0082b294	false
desktop	1	ok	python.multiplatform.overhead.BenchmarkTest	Benchmark.printReport		PyLong_FromLongLong	126.99	ns	100000		958c0082b294	false
desktop	1	ok	python.multiplatform.overhead.BenchmarkTest	Benchmark.printReport		PyLong_AsLongLong	58.11	ns	100000		958c0082b294	false
desktop	1	ok	python.multiplatform.overhead.BenchmarkTest	Benchmark.printReport		Py_IncRef/Py_DecRef	112.59	ns	1000000		958c0082b294	false
desktop	1	ok	python.multiplatform.overhead.BenchmarkTest	Benchmark.printReport		PyUnicode_FromString (8 chars)	187.13	ns	10000		958c0082b294	false
desktop	1	ok	python.multiplatform.overhead.BenchmarkTest	Benchmark.printReport		PyUnicode_AsUTF8 (8 chars)	80.95	ns	10000		958c0082b294	false
desktop	1	ok	python.multiplatform.overhead.BenchmarkTest	Benchmark.printReport		PyUnicode_FromString (256 chars)	263.88	ns	10000		958c0082b294	false
desktop	1	ok	python.multiplatform.overhead.BenchmarkTest	Benchmark.printReport		PyUnicode_AsUTF8 (256 chars)	266.06	ns	10000		958c0082b294	false
desktop	1	ok	python.multiplatform.overhead.BenchmarkTest	Benchmark.printReport		PyUnicode_FromString (8192 chars)	2152.41	ns	10000		958c0082b294	false
desktop	1	ok	python.multiplatform.overhead.BenchmarkTest	Benchmark.printReport		PyUnicode_AsUTF8 (8192 chars)	5345.68	ns	10000		958c0082b294	false
desktop	1	ok	python.multiplatform.overhead.BenchmarkTest	Benchmark.printReport		NativePointer.toRawValue()	2.27	ns	1000000		958c0082b294	false
desktop	1	ok	python.multiplatform.overhead.BenchmarkTest	Benchmark.printReport		NativePointer.toAddressValue()	2.28	ns	1000000		958c0082b294	false
desktop	1	ok	python.multiplatform.overhead.BenchmarkTest	Benchmark.printReport		AddressValue.toNativePointer()	2.27	ns	1000000		958c0082b294	false
desktop	1	ok	python.multiplatform.overhead.BenchmarkTest	Benchmark.printReport		Manual IncRef/DecRef	112.07	ns	100000		958c0082b294	false
desktop	1	ok	python.multiplatform.overhead.BenchmarkTest	Benchmark.printReport		PyObject wrapper creation	201.47	ns	100000		958c0082b294	false
desktop	1	ok	python.multiplatform.reflection.UpcallOverheadTest	Benchmark.printReport		HandleTable.resolve(handle)	9.29	ns	1000000		958c0082b294	false
desktop	1	ok	python.multiplatform.reflection.UpcallOverheadTest	Benchmark.printReport		HandleTable.register + release	32.95	ns	500000		958c0082b294	false
desktop	1	ok	python.multiplatform.reflection.UpcallOverheadTest	Benchmark.printReport		UpcallTable.resolve(name) [200 entries]	9.96	ns	1000000		958c0082b294	false
desktop	1	ok	python.multiplatform.reflection.UpcallOverheadTest	Benchmark.printReport		UpcallTable.invoke(handle, args)	12.89	ns	1000000		958c0082b294	false
desktop	1	ok	python.multiplatform.reflection.UpcallOverheadTest	Benchmark.printReport		UpcallTable.invokeByName(name, args)	14.33	ns	1000000		958c0082b294	false
desktop	1	ok	python.multiplatform.reflection.UpcallOverheadTest	Benchmark.printReport		arrayOf(1L) allocation + boxing	6.52	ns	1000000		958c0082b294	false
desktop	1	ok	python.multiplatform.reflection.UpcallOverheadTest	Benchmark.printReport		invoke with a pre-built args array	8.91	ns	1000000		958c0082b294	false
desktop	1	ok	python.multiplatform.reflection.UpcallOverheadTest	Benchmark.printReport		direct Kotlin call (floor)	2.95	ns	1000000		958c0082b294	false
desktop	1	ok	python.multiplatform.ffi.upcall.GeneratedProxyCostTest	Generated proxy cost	Raw figures (timed inside Python, one shared loop)	empty Python function (the harness floor)	20.26	ns		MacOS 26.5.1 (aarch64) / JVM 21.0.12	958c0082b294	false
desktop	1	ok	python.multiplatform.ffi.upcall.GeneratedProxyCostTest	Generated proxy cost	Raw figures (timed inside Python, one shared loop)	plain.x            pure Python, no boundary	24.51	ns		MacOS 26.5.1 (aarch64) / JVM 21.0.12	958c0082b294	false
desktop	1	ok	python.multiplatform.ffi.upcall.GeneratedProxyCostTest	Generated proxy cost	Raw figures (timed inside Python, one shared loop)	plain.p            pure Python @property, no boundary	31.02	ns		MacOS 26.5.1 (aarch64) / JVM 21.0.12	958c0082b294	false
desktop	1	ok	python.multiplatform.ffi.upcall.GeneratedProxyCostTest	Generated proxy cost	Raw figures (timed inside Python, one shared loop)	_pm_invoke(h, ())                        raw boundary, arity 0	496.79	ns		MacOS 26.5.1 (aarch64) / JVM 21.0.12	958c0082b294	false
desktop	1	ok	python.multiplatform.ffi.upcall.GeneratedProxyCostTest	Generated proxy cost	Raw figures (timed inside Python, one shared loop)	demo.calc.ping()                          module function proxy	508.24	ns		MacOS 26.5.1 (aarch64) / JVM 21.0.12	958c0082b294	false
desktop	1	ok	python.multiplatform.ffi.upcall.GeneratedProxyCostTest	Generated proxy cost	Raw figures (timed inside Python, one shared loop)	_pm_release(_pm_invoke(h, (10,)))        raw boundary + release	825.38	ns		MacOS 26.5.1 (aarch64) / JVM 21.0.12	958c0082b294	false
desktop	1	ok	python.multiplatform.ffi.upcall.GeneratedProxyCostTest	Generated proxy cost	Raw figures (timed inside Python, one shared loop)	Counter(10)                               constructor proxy	991.92	ns		MacOS 26.5.1 (aarch64) / JVM 21.0.12	958c0082b294	false
desktop	1	ok	python.multiplatform.ffi.upcall.GeneratedProxyCostTest	Generated proxy cost	Raw figures (timed inside Python, one shared loop)	_pm_invoke(h, (self, 5))                 raw boundary	554.49	ns		MacOS 26.5.1 (aarch64) / JVM 21.0.12	958c0082b294	false
desktop	1	ok	python.multiplatform.ffi.upcall.GeneratedProxyCostTest	Generated proxy cost	Raw figures (timed inside Python, one shared loop)	c.increment(5)                            instance method proxy	579.14	ns		MacOS 26.5.1 (aarch64) / JVM 21.0.12	958c0082b294	false
desktop	1	ok	python.multiplatform.ffi.upcall.GeneratedProxyCostTest	Generated proxy cost	Raw figures (timed inside Python, one shared loop)	_pm_invoke(h, (self,))                   raw boundary	542.09	ns		MacOS 26.5.1 (aarch64) / JVM 21.0.12	958c0082b294	false
desktop	1	ok	python.multiplatform.ffi.upcall.GeneratedProxyCostTest	Generated proxy cost	Raw figures (timed inside Python, one shared loop)	c.value                                   property read (descriptor)	551.29	ns		MacOS 26.5.1 (aarch64) / JVM 21.0.12	958c0082b294	false
desktop	1	ok	python.multiplatform.ffi.upcall.GeneratedProxyCostTest	Generated proxy cost	Raw figures (timed inside Python, one shared loop)	_pm_invoke(h, (self, 'x'))               raw boundary	565.98	ns		MacOS 26.5.1 (aarch64) / JVM 21.0.12	958c0082b294	false
desktop	1	ok	python.multiplatform.ffi.upcall.GeneratedProxyCostTest	Generated proxy cost	Raw figures (timed inside Python, one shared loop)	c.label = 'x'                             property write (descriptor)	604.35	ns		MacOS 26.5.1 (aarch64) / JVM 21.0.12	958c0082b294	false
desktop	1	ok	python.multiplatform.ffi.upcall.GeneratedProxyCostTest	Generated proxy cost	Raw figures (timed inside Python, one shared loop)	_pm_invoke(h, ())                        raw boundary, arity 0 again	493.54	ns		MacOS 26.5.1 (aarch64) / JVM 21.0.12	958c0082b294	false
desktop	1	ok	python.multiplatform.ffi.upcall.GeneratedProxyCostTest	Generated proxy cost	Raw figures (timed inside Python, one shared loop)	_pm_invoke(h, (12,))                     raw boundary	494.28	ns		MacOS 26.5.1 (aarch64) / JVM 21.0.12	958c0082b294	false
desktop	1	ok	python.multiplatform.ffi.upcall.GeneratedProxyCostTest	Generated proxy cost	Raw figures (timed inside Python, one shared loop)	Counter.created                           static read (metaclass)	522.68	ns		MacOS 26.5.1 (aarch64) / JVM 21.0.12	958c0082b294	false
desktop	1	ok	python.multiplatform.ffi.upcall.GeneratedProxyCostTest	Generated proxy cost	Raw figures (timed inside Python, one shared loop)	Counter.created = 12                      static write (metaclass)	541.04	ns		MacOS 26.5.1 (aarch64) / JVM 21.0.12	958c0082b294	false
desktop	1	ok	python.multiplatform.ffi.upcall.GeneratedProxyCostTest	Generated proxy cost	Raw figures (timed inside Python, one shared loop)	demo.calc.tally                           top-level read (module type)	527.6	ns		MacOS 26.5.1 (aarch64) / JVM 21.0.12	958c0082b294	false
desktop	1	ok	python.multiplatform.ffi.upcall.GeneratedProxyCostTest	Generated proxy cost	Raw figures (timed inside Python, one shared loop)	demo.calc.tally = 9                       top-level write (module type)	542.92	ns		MacOS 26.5.1 (aarch64) / JVM 21.0.12	958c0082b294	false
desktop	1	ok	python.multiplatform.ffi.upcall.GeneratedProxyCostTest	Generated proxy cost	Pure-Python floors, net of the harness (no boundary anywhere in these)	plain attribute read	4.24	ns		MacOS 26.5.1 (aarch64) / JVM 21.0.12	958c0082b294	false
desktop	1	ok	python.multiplatform.ffi.upcall.GeneratedProxyCostTest	Generated proxy cost	Pure-Python floors, net of the harness (no boundary anywhere in these)	@property read	10.75	ns		MacOS 26.5.1 (aarch64) / JVM 21.0.12	958c0082b294	false
desktop	1	ok	python.multiplatform.ffi.upcall.GeneratedProxyCostTest	Generated proxy cost	Pure-Python floors, net of the harness (no boundary anywhere in these)	the descriptor itself costs	6.5	ns		MacOS 26.5.1 (aarch64) / JVM 21.0.12	958c0082b294	false
desktop	1	ok	python.multiplatform.ffi.upcall.GeneratedProxyCostTest	Generated proxy install cost		PythonProxySource.render()      Kotlin string building only	229.48	us		MacOS 26.5.1 (aarch64) / JVM 21.0.12	958c0082b294	false
desktop	1	ok	python.multiplatform.ffi.upcall.GeneratedProxyCostTest	Generated proxy install cost		PythonProxySource.install()     render + Python3.exec	1111.52	us		MacOS 26.5.1 (aarch64) / JVM 21.0.12	958c0082b294	false
desktop	1	ok	python.multiplatform.ffi.upcall.GeneratedProxyCostTest	Generated proxy install cost		...of which Python3.exec	882.03	us		MacOS 26.5.1 (aarch64) / JVM 21.0.12	958c0082b294	false
desktop	1	ok	python.multiplatform.ffi.upcall.GeneratedProxyCostTest	Generated proxy cost, await fast path		_pm_invoke(h, (21,)) inside the coroutine, no await	622.75	ns		MacOS 26.5.1 (aarch64) / JVM 21.0.12	958c0082b294	false
desktop	1	ok	python.multiplatform.ffi.upcall.GeneratedProxyCostTest	Generated proxy cost, await fast path		await a pure-Python coroutine that never suspends	67.0	ns		MacOS 26.5.1 (aarch64) / JVM 21.0.12	958c0082b294	false
desktop	1	ok	python.multiplatform.ffi.upcall.GeneratedProxyCostTest	Generated proxy cost, await fast path		await demo.calc.doubleNow(21)   generated async def, fast path	633.54	ns		MacOS 26.5.1 (aarch64) / JVM 21.0.12	958c0082b294	false
desktop	1	ok	python.multiplatform.ffi.upcall.GeneratedProxyCostTest	Generated proxy cost, await fast path		await proxy / raw boundary in the same loop	1.01	x		MacOS 26.5.1 (aarch64) / JVM 21.0.12	958c0082b294	false
desktop	1	ok	python.multiplatform.ffi.upcall.GeneratedProxyCostTest	Generated proxy cost, await fast path		what the async def wrapper adds	10.79	ns		MacOS 26.5.1 (aarch64) / JVM 21.0.12	958c0082b294	false
desktop	1	ok	python.native.ffi.UpcallBoundaryCostTest	Upcall boundary cost	Python-driven (timed inside Python)	empty Python loop	8.67	ns	10000	MacOS 26.5.1 (aarch64) / JVM 21.0.12	958c0082b294	false
desktop	1	ok	python.native.ffi.UpcallBoundaryCostTest	Upcall boundary cost	Python-driven (timed inside Python)	pure-Python callee, same shape	25.99	ns	10000	MacOS 26.5.1 (aarch64) / JVM 21.0.12	958c0082b294	false
desktop	1	ok	python.native.ffi.UpcallBoundaryCostTest	Upcall boundary cost	Python-driven (timed inside Python)	upcall to Kotlin	576.45	ns	10000	MacOS 26.5.1 (aarch64) / JVM 21.0.12	958c0082b294	false
desktop	1	ok	python.native.ffi.UpcallBoundaryCostTest	Upcall boundary cost	Python-driven (timed inside Python)	upcall net of loop	567.77	ns	10000	MacOS 26.5.1 (aarch64) / JVM 21.0.12	958c0082b294	false
desktop	1	ok	python.native.ffi.UpcallBoundaryCostTest	Upcall boundary cost	Python-driven (timed inside Python)	upcall net of a Python call	550.45	ns	10000	MacOS 26.5.1 (aarch64) / JVM 21.0.12	958c0082b294	false
desktop	1	ok	python.native.ffi.UpcallBoundaryCostTest	Upcall boundary cost	Comparison basis, same run (timed inside Kotlin)	Py_IncRef + Py_DecRef (2 downcalls, a GIL scope each)	250.48	ns	10000	MacOS 26.5.1 (aarch64) / JVM 21.0.12	958c0082b294	false
desktop	1	ok	python.native.ffi.UpcallBoundaryCostTest	Upcall boundary cost	Comparison basis, same run (timed inside Kotlin)	PyObject_CallObject on a Python def (downcall, same shape)	261.73	ns	10000	MacOS 26.5.1 (aarch64) / JVM 21.0.12	958c0082b294	false
desktop	1	ok	python.native.ffi.UpcallBoundaryCostTest	Upcall boundary cost	Comparison basis, same run (timed inside Kotlin)	UpcallTrampoline.invoke from Kotlin (no shim, no boundary)	170.44	ns	10000	MacOS 26.5.1 (aarch64) / JVM 21.0.12	958c0082b294	false
desktop	1	ok	python.native.ffi.UpcallBoundaryCostTest	Upcall boundary cost	Comparison basis, same run (timed inside Kotlin)	...the same, with the GIL already held by the caller	89.09	ns	10000	MacOS 26.5.1 (aarch64) / JVM 21.0.12	958c0082b294	false
desktop	1	ok	python.native.ffi.UpcallBoundaryCostTest	Upcall boundary cost	Comparison basis, same run (timed inside Kotlin)	...Python3.withPython { } with nothing in it, for scale	51.78	ns	10000	MacOS 26.5.1 (aarch64) / JVM 21.0.12	958c0082b294	false
desktop	1	ok	python.native.ffi.UpcallBoundaryCostTest	Upcall boundary cost	Ratios	upcall / downcall of the same shape	2.2	x	10000	MacOS 26.5.1 (aarch64) / JVM 21.0.12	958c0082b294	false
desktop	1	ok	python.native.ffi.UpcallBoundaryCostTest	Upcall boundary cost	Ratios	upcall / trampoline alone, caller holding nothing	3.38	x	10000	MacOS 26.5.1 (aarch64) / JVM 21.0.12	958c0082b294	false
desktop	1	ok	python.native.ffi.UpcallBoundaryCostTest	Upcall boundary cost	Ratios	upcall / trampoline alone, GIL held (what the shim adds)	6.46	x	10000	MacOS 26.5.1 (aarch64) / JVM 21.0.12	958c0082b294	false
iosSimulatorArm64	1	ok	python.multiplatform.overhead.BenchmarkTest	Benchmark.printReport		NativePointer.toRawValue()	70.8	ns	1000000		958c0082b294	false
iosSimulatorArm64	1	ok	python.multiplatform.overhead.BenchmarkTest	Benchmark.printReport		NativePointer.toAddressValue()	57.03	ns	1000000		958c0082b294	false
iosSimulatorArm64	1	ok	python.multiplatform.overhead.BenchmarkTest	Benchmark.printReport		AddressValue.toNativePointer()	66.2	ns	1000000		958c0082b294	false
iosSimulatorArm64	1	ok	python.multiplatform.overhead.BenchmarkTest	Benchmark.printReport		Py_IncRef/Py_DecRef	1562.09	ns	1000000		958c0082b294	false
iosSimulatorArm64	1	ok	python.multiplatform.overhead.BenchmarkTest	Benchmark.printReport		PyUnicode_FromString (8 chars)	3490.55	ns	10000		958c0082b294	false
iosSimulatorArm64	1	ok	python.multiplatform.overhead.BenchmarkTest	Benchmark.printReport		PyUnicode_AsUTF8 (8 chars)	1007.93	ns	10000		958c0082b294	false
iosSimulatorArm64	1	ok	python.multiplatform.overhead.BenchmarkTest	Benchmark.printReport		PyUnicode_FromString (256 chars)	32067.15	ns	10000		958c0082b294	false
iosSimulatorArm64	1	ok	python.multiplatform.overhead.BenchmarkTest	Benchmark.printReport		PyUnicode_AsUTF8 (256 chars)	4312.22	ns	10000		958c0082b294	false
iosSimulatorArm64	1	ok	python.multiplatform.overhead.BenchmarkTest	Benchmark.printReport		PyUnicode_FromString (8192 chars)	919985.55	ns	10000		958c0082b294	false
iosSimulatorArm64	1	ok	python.multiplatform.overhead.BenchmarkTest	Benchmark.printReport		PyUnicode_AsUTF8 (8192 chars)	109747.17	ns	10000		958c0082b294	false
iosSimulatorArm64	1	ok	python.multiplatform.overhead.BenchmarkTest	Benchmark.printReport		PyLong_FromLongLong	1549.84	ns	100000		958c0082b294	false
iosSimulatorArm64	1	ok	python.multiplatform.overhead.BenchmarkTest	Benchmark.printReport		PyLong_AsLongLong	771.76	ns	100000		958c0082b294	false
iosSimulatorArm64	1	ok	python.multiplatform.overhead.BenchmarkTest	Benchmark.printReport		Manual IncRef/DecRef	1538.18	ns	100000		958c0082b294	false
iosSimulatorArm64	1	ok	python.multiplatform.overhead.BenchmarkTest	Benchmark.printReport		PyObject wrapper creation	1942.96	ns	100000		958c0082b294	false
iosSimulatorArm64	1	ok	python.multiplatform.overhead.BenchmarkTest	Benchmark.printReport		PyObject_GetAttrString	3359.97	ns	10000		958c0082b294	false
iosSimulatorArm64	1	ok	python.multiplatform.reflection.UpcallOverheadTest	Benchmark.printReport		UpcallTable.resolve(name) [200 entries]	140.43	ns	1000000		958c0082b294	false
iosSimulatorArm64	1	ok	python.multiplatform.reflection.UpcallOverheadTest	Benchmark.printReport		UpcallTable.invoke(handle, args)	235.43	ns	1000000		958c0082b294	false
iosSimulatorArm64	1	ok	python.multiplatform.reflection.UpcallOverheadTest	Benchmark.printReport		UpcallTable.invokeByName(name, args)	299.27	ns	1000000		958c0082b294	false
iosSimulatorArm64	1	ok	python.multiplatform.reflection.UpcallOverheadTest	Benchmark.printReport		arrayOf(1L) allocation + boxing	68.87	ns	1000000		958c0082b294	false
iosSimulatorArm64	1	ok	python.multiplatform.reflection.UpcallOverheadTest	Benchmark.printReport		invoke with a pre-built args array	179.16	ns	1000000		958c0082b294	false
iosSimulatorArm64	1	ok	python.multiplatform.reflection.UpcallOverheadTest	Benchmark.printReport		direct Kotlin call (floor)	15.39	ns	1000000		958c0082b294	false
iosSimulatorArm64	1	ok	python.multiplatform.reflection.UpcallOverheadTest	Benchmark.printReport		HandleTable.resolve(handle)	114.8	ns	1000000		958c0082b294	false
iosSimulatorArm64	1	ok	python.multiplatform.reflection.UpcallOverheadTest	Benchmark.printReport		HandleTable.register + release	636.01	ns	500000		958c0082b294	false
iosSimulatorArm64	1	ok	python.multiplatform.ffi.upcall.GeneratedProxyCostTest	Generated proxy cost	Raw figures (timed inside Python, one shared loop)	empty Python function (the harness floor)	28.26	ns		iOS 26.2 (SDK 260200, arm64) / Native	958c0082b294	false
iosSimulatorArm64	1	ok	python.multiplatform.ffi.upcall.GeneratedProxyCostTest	Generated proxy cost	Raw figures (timed inside Python, one shared loop)	plain.x            pure Python, no boundary	33.2	ns		iOS 26.2 (SDK 260200, arm64) / Native	958c0082b294	false
iosSimulatorArm64	1	ok	python.multiplatform.ffi.upcall.GeneratedProxyCostTest	Generated proxy cost	Raw figures (timed inside Python, one shared loop)	plain.p            pure Python @property, no boundary	44.91	ns		iOS 26.2 (SDK 260200, arm64) / Native	958c0082b294	false
iosSimulatorArm64	1	ok	python.multiplatform.ffi.upcall.GeneratedProxyCostTest	Generated proxy cost	Raw figures (timed inside Python, one shared loop)	_pm_invoke(h, ())                        raw boundary, arity 0	1837.13	ns		iOS 26.2 (SDK 260200, arm64) / Native	958c0082b294	false
iosSimulatorArm64	1	ok	python.multiplatform.ffi.upcall.GeneratedProxyCostTest	Generated proxy cost	Raw figures (timed inside Python, one shared loop)	demo.calc.ping()                          module function proxy	1861.62	ns		iOS 26.2 (SDK 260200, arm64) / Native	958c0082b294	false
iosSimulatorArm64	1	ok	python.multiplatform.ffi.upcall.GeneratedProxyCostTest	Generated proxy cost	Raw figures (timed inside Python, one shared loop)	_pm_release(_pm_invoke(h, (10,)))        raw boundary + release	3632.54	ns		iOS 26.2 (SDK 260200, arm64) / Native	958c0082b294	false
iosSimulatorArm64	1	ok	python.multiplatform.ffi.upcall.GeneratedProxyCostTest	Generated proxy cost	Raw figures (timed inside Python, one shared loop)	Counter(10)                               constructor proxy	3952.11	ns		iOS 26.2 (SDK 260200, arm64) / Native	958c0082b294	false
iosSimulatorArm64	1	ok	python.multiplatform.ffi.upcall.GeneratedProxyCostTest	Generated proxy cost	Raw figures (timed inside Python, one shared loop)	_pm_invoke(h, (self, 5))                 raw boundary	2926.4	ns		iOS 26.2 (SDK 260200, arm64) / Native	958c0082b294	false
iosSimulatorArm64	1	ok	python.multiplatform.ffi.upcall.GeneratedProxyCostTest	Generated proxy cost	Raw figures (timed inside Python, one shared loop)	c.increment(5)                            instance method proxy	2895.57	ns		iOS 26.2 (SDK 260200, arm64) / Native	958c0082b294	false
iosSimulatorArm64	1	ok	python.multiplatform.ffi.upcall.GeneratedProxyCostTest	Generated proxy cost	Raw figures (timed inside Python, one shared loop)	_pm_invoke(h, (self,))                   raw boundary	2511.52	ns		iOS 26.2 (SDK 260200, arm64) / Native	958c0082b294	false
iosSimulatorArm64	1	ok	python.multiplatform.ffi.upcall.GeneratedProxyCostTest	Generated proxy cost	Raw figures (timed inside Python, one shared loop)	c.value                                   property read (descriptor)	2486.67	ns		iOS 26.2 (SDK 260200, arm64) / Native	958c0082b294	false
iosSimulatorArm64	1	ok	python.multiplatform.ffi.upcall.GeneratedProxyCostTest	Generated proxy cost	Raw figures (timed inside Python, one shared loop)	_pm_invoke(h, (self, 'x'))               raw boundary	2878.2	ns		iOS 26.2 (SDK 260200, arm64) / Native	958c0082b294	false
iosSimulatorArm64	1	ok	python.multiplatform.ffi.upcall.GeneratedProxyCostTest	Generated proxy cost	Raw figures (timed inside Python, one shared loop)	c.label = 'x'                             property write (descriptor)	2974.64	ns		iOS 26.2 (SDK 260200, arm64) / Native	958c0082b294	false
iosSimulatorArm64	1	ok	python.multiplatform.ffi.upcall.GeneratedProxyCostTest	Generated proxy cost	Raw figures (timed inside Python, one shared loop)	_pm_invoke(h, ())                        raw boundary, arity 0 again	1886.37	ns		iOS 26.2 (SDK 260200, arm64) / Native	958c0082b294	false
iosSimulatorArm64	1	ok	python.multiplatform.ffi.upcall.GeneratedProxyCostTest	Generated proxy cost	Raw figures (timed inside Python, one shared loop)	_pm_invoke(h, (12,))                     raw boundary	2258.17	ns		iOS 26.2 (SDK 260200, arm64) / Native	958c0082b294	false
iosSimulatorArm64	1	ok	python.multiplatform.ffi.upcall.GeneratedProxyCostTest	Generated proxy cost	Raw figures (timed inside Python, one shared loop)	Counter.created                           static read (metaclass)	1953.49	ns		iOS 26.2 (SDK 260200, arm64) / Native	958c0082b294	false
iosSimulatorArm64	1	ok	python.multiplatform.ffi.upcall.GeneratedProxyCostTest	Generated proxy cost	Raw figures (timed inside Python, one shared loop)	Counter.created = 12                      static write (metaclass)	2322.3	ns		iOS 26.2 (SDK 260200, arm64) / Native	958c0082b294	false
iosSimulatorArm64	1	ok	python.multiplatform.ffi.upcall.GeneratedProxyCostTest	Generated proxy cost	Raw figures (timed inside Python, one shared loop)	demo.calc.tally                           top-level read (module type)	1964.06	ns		iOS 26.2 (SDK 260200, arm64) / Native	958c0082b294	false
iosSimulatorArm64	1	ok	python.multiplatform.ffi.upcall.GeneratedProxyCostTest	Generated proxy cost	Raw figures (timed inside Python, one shared loop)	demo.calc.tally = 9                       top-level write (module type)	2311.6	ns		iOS 26.2 (SDK 260200, arm64) / Native	958c0082b294	false
iosSimulatorArm64	1	ok	python.multiplatform.ffi.upcall.GeneratedProxyCostTest	Generated proxy cost	Pure-Python floors, net of the harness (no boundary anywhere in these)	plain attribute read	4.94	ns		iOS 26.2 (SDK 260200, arm64) / Native	958c0082b294	false
iosSimulatorArm64	1	ok	python.multiplatform.ffi.upcall.GeneratedProxyCostTest	Generated proxy cost	Pure-Python floors, net of the harness (no boundary anywhere in these)	@property read	16.65	ns		iOS 26.2 (SDK 260200, arm64) / Native	958c0082b294	false
iosSimulatorArm64	1	ok	python.multiplatform.ffi.upcall.GeneratedProxyCostTest	Generated proxy cost	Pure-Python floors, net of the harness (no boundary anywhere in these)	the descriptor itself costs	11.7	ns		iOS 26.2 (SDK 260200, arm64) / Native	958c0082b294	false
iosSimulatorArm64	1	ok	python.multiplatform.ffi.upcall.GeneratedProxyCostTest	Generated proxy cost, await fast path		_pm_invoke(h, (21,)) inside the coroutine, no await	3071.79	ns		iOS 26.2 (SDK 260200, arm64) / Native	958c0082b294	false
iosSimulatorArm64	1	ok	python.multiplatform.ffi.upcall.GeneratedProxyCostTest	Generated proxy cost, await fast path		await a pure-Python coroutine that never suspends	84.72	ns		iOS 26.2 (SDK 260200, arm64) / Native	958c0082b294	false
iosSimulatorArm64	1	ok	python.multiplatform.ffi.upcall.GeneratedProxyCostTest	Generated proxy cost, await fast path		await demo.calc.doubleNow(21)   generated async def, fast path	3222.24	ns		iOS 26.2 (SDK 260200, arm64) / Native	958c0082b294	false
iosSimulatorArm64	1	ok	python.multiplatform.ffi.upcall.GeneratedProxyCostTest	Generated proxy cost, await fast path		await proxy / raw boundary in the same loop	1.04	x		iOS 26.2 (SDK 260200, arm64) / Native	958c0082b294	false
iosSimulatorArm64	1	ok	python.multiplatform.ffi.upcall.GeneratedProxyCostTest	Generated proxy cost, await fast path		what the async def wrapper adds	150.45	ns		iOS 26.2 (SDK 260200, arm64) / Native	958c0082b294	false
iosSimulatorArm64	1	ok	python.multiplatform.ffi.upcall.GeneratedProxyCostTest	Generated proxy install cost		PythonProxySource.render()      Kotlin string building only	670.27	us		iOS 26.2 (SDK 260200, arm64) / Native	958c0082b294	false
iosSimulatorArm64	1	ok	python.multiplatform.ffi.upcall.GeneratedProxyCostTest	Generated proxy install cost		PythonProxySource.install()     render + Python3.exec	3592.26	us		iOS 26.2 (SDK 260200, arm64) / Native	958c0082b294	false
iosSimulatorArm64	1	ok	python.multiplatform.ffi.upcall.GeneratedProxyCostTest	Generated proxy install cost		...of which Python3.exec	2921.99	us		iOS 26.2 (SDK 260200, arm64) / Native	958c0082b294	false
iosSimulatorArm64	1	ok	python.native.ffi.UpcallBoundaryCostTest	Upcall boundary cost	Python-driven (timed inside Python)	empty Python loop	9.92	ns	10000	iOS 26.2 (SDK 260200, arm64) / Native	958c0082b294	false
iosSimulatorArm64	1	ok	python.native.ffi.UpcallBoundaryCostTest	Upcall boundary cost	Python-driven (timed inside Python)	pure-Python callee, same shape	38.32	ns	10000	iOS 26.2 (SDK 260200, arm64) / Native	958c0082b294	false
iosSimulatorArm64	1	ok	python.native.ffi.UpcallBoundaryCostTest	Upcall boundary cost	Python-driven (timed inside Python)	upcall to Kotlin	2312.97	ns	10000	iOS 26.2 (SDK 260200, arm64) / Native	958c0082b294	false
iosSimulatorArm64	1	ok	python.native.ffi.UpcallBoundaryCostTest	Upcall boundary cost	Python-driven (timed inside Python)	upcall net of loop	2303.05	ns	10000	iOS 26.2 (SDK 260200, arm64) / Native	958c0082b294	false
iosSimulatorArm64	1	ok	python.native.ffi.UpcallBoundaryCostTest	Upcall boundary cost	Python-driven (timed inside Python)	upcall net of a Python call	2274.65	ns	10000	iOS 26.2 (SDK 260200, arm64) / Native	958c0082b294	false
iosSimulatorArm64	1	ok	python.native.ffi.UpcallBoundaryCostTest	Upcall boundary cost	Comparison basis, same run (timed inside Kotlin)	Py_IncRef + Py_DecRef (2 downcalls, a GIL scope each)	1543.92	ns	10000	iOS 26.2 (SDK 260200, arm64) / Native	958c0082b294	false
iosSimulatorArm64	1	ok	python.native.ffi.UpcallBoundaryCostTest	Upcall boundary cost	Comparison basis, same run (timed inside Kotlin)	PyObject_CallObject on a Python def (downcall, same shape)	1655.4	ns	10000	iOS 26.2 (SDK 260200, arm64) / Native	958c0082b294	false
iosSimulatorArm64	1	ok	python.native.ffi.UpcallBoundaryCostTest	Upcall boundary cost	Comparison basis, same run (timed inside Kotlin)	UpcallTrampoline.invoke from Kotlin (no shim, no boundary)	2843.16	ns	10000	iOS 26.2 (SDK 260200, arm64) / Native	958c0082b294	false
iosSimulatorArm64	1	ok	python.native.ffi.UpcallBoundaryCostTest	Upcall boundary cost	Comparison basis, same run (timed inside Kotlin)	...the same, with the GIL already held by the caller	2020.43	ns	10000	iOS 26.2 (SDK 260200, arm64) / Native	958c0082b294	false
iosSimulatorArm64	1	ok	python.native.ffi.UpcallBoundaryCostTest	Upcall boundary cost	Comparison basis, same run (timed inside Kotlin)	...Python3.withPython { } with nothing in it, for scale	723.85	ns	10000	iOS 26.2 (SDK 260200, arm64) / Native	958c0082b294	false
iosSimulatorArm64	1	ok	python.native.ffi.UpcallBoundaryCostTest	Upcall boundary cost	Ratios	upcall / downcall of the same shape	1.39	x	10000	iOS 26.2 (SDK 260200, arm64) / Native	958c0082b294	false
iosSimulatorArm64	1	ok	python.native.ffi.UpcallBoundaryCostTest	Upcall boundary cost	Ratios	upcall / trampoline alone, caller holding nothing	0.81	x	10000	iOS 26.2 (SDK 260200, arm64) / Native	958c0082b294	false
iosSimulatorArm64	1	ok	python.native.ffi.UpcallBoundaryCostTest	Upcall boundary cost	Ratios	upcall / trampoline alone, GIL held (what the shim adds)	1.14	x	10000	iOS 26.2 (SDK 260200, arm64) / Native	958c0082b294	false
wasmJs	1	ok	python.multiplatform.overhead.BenchmarkTest	Benchmark.printReport		NativePointer.toRawValue()	14.98	ns	1000000		958c0082b294	false
wasmJs	1	ok	python.multiplatform.overhead.BenchmarkTest	Benchmark.printReport		NativePointer.toAddressValue()	14.92	ns	1000000		958c0082b294	false
wasmJs	1	ok	python.multiplatform.overhead.BenchmarkTest	Benchmark.printReport		AddressValue.toNativePointer()	6.75	ns	1000000		958c0082b294	false
wasmJs	1	ok	python.multiplatform.overhead.BenchmarkTest	Benchmark.printReport		Py_IncRef/Py_DecRef	48.68	ns	1000000		958c0082b294	false
wasmJs	1	ok	python.multiplatform.overhead.BenchmarkTest	Benchmark.printReport		PyUnicode_FromString (8 chars)	102.79	ns	10000		958c0082b294	false
wasmJs	1	ok	python.multiplatform.overhead.BenchmarkTest	Benchmark.printReport		PyUnicode_AsUTF8 (8 chars)	57.0	ns	10000		958c0082b294	false
wasmJs	1	ok	python.multiplatform.overhead.BenchmarkTest	Benchmark.printReport		PyUnicode_FromString (256 chars)	759.26	ns	10000		958c0082b294	false
wasmJs	1	ok	python.multiplatform.overhead.BenchmarkTest	Benchmark.printReport		PyUnicode_AsUTF8 (256 chars)	438.88	ns	10000		958c0082b294	false
wasmJs	1	ok	python.multiplatform.overhead.BenchmarkTest	Benchmark.printReport		PyUnicode_FromString (8192 chars)	30692.36	ns	10000		958c0082b294	false
wasmJs	1	ok	python.multiplatform.overhead.BenchmarkTest	Benchmark.printReport		PyUnicode_AsUTF8 (8192 chars)	11486.64	ns	10000		958c0082b294	false
wasmJs	1	ok	python.multiplatform.overhead.BenchmarkTest	Benchmark.printReport		PyLong_FromLongLong	59.17	ns	100000		958c0082b294	false
wasmJs	1	ok	python.multiplatform.overhead.BenchmarkTest	Benchmark.printReport		PyLong_AsLongLong	27.08	ns	100000		958c0082b294	false
wasmJs	1	ok	python.multiplatform.overhead.BenchmarkTest	Benchmark.printReport		Manual IncRef/DecRef	44.91	ns	100000		958c0082b294	false
wasmJs	1	ok	python.multiplatform.overhead.BenchmarkTest	Benchmark.printReport		PyObject wrapper creation	266.86	ns	100000		958c0082b294	false
wasmJs	1	ok	python.multiplatform.overhead.BenchmarkTest	Benchmark.printReport		PyObject_GetAttrString	193.1	ns	10000		958c0082b294	false
wasmJs	1	ok	python.multiplatform.ref.WasmFinalizationTest	Benchmark.printReport		cleaner: registerCleaner + close (the whole hook)	80.28	ns	50000		958c0082b294	false
wasmJs	1	ok	python.multiplatform.ref.WasmFinalizationTest	Benchmark.printReport		cleaner: toJsReference() alone (the externref crossing)	32.7	ns	50000		958c0082b294	false
wasmJs	1	ok	python.multiplatform.reflection.UpcallOverheadTest	Benchmark.printReport		UpcallTable.resolve(name) [200 entries]	36.62	ns	1000000		958c0082b294	false
wasmJs	1	ok	python.multiplatform.reflection.UpcallOverheadTest	Benchmark.printReport		UpcallTable.invoke(handle, args)	42.96	ns	1000000		958c0082b294	false
wasmJs	1	ok	python.multiplatform.reflection.UpcallOverheadTest	Benchmark.printReport		UpcallTable.invokeByName(name, args)	51.37	ns	1000000		958c0082b294	false
wasmJs	1	ok	python.multiplatform.reflection.UpcallOverheadTest	Benchmark.printReport		arrayOf(1L) allocation + boxing	8.98	ns	1000000		958c0082b294	false
wasmJs	1	ok	python.multiplatform.reflection.UpcallOverheadTest	Benchmark.printReport		invoke with a pre-built args array	24.06	ns	1000000		958c0082b294	false
wasmJs	1	ok	python.multiplatform.reflection.UpcallOverheadTest	Benchmark.printReport		direct Kotlin call (floor)	4.63	ns	1000000		958c0082b294	false
wasmJs	1	ok	python.multiplatform.reflection.UpcallOverheadTest	Benchmark.printReport		HandleTable.resolve(handle)	8.16	ns	1000000		958c0082b294	false
wasmJs	1	ok	python.multiplatform.reflection.UpcallOverheadTest	Benchmark.printReport		HandleTable.register + release	60.23	ns	500000		958c0082b294	false
wasmJs	1	ok	python.native.ffi.WasmMarshallingOverheadTest	Benchmark.printReport		marshal: malloc+encodeToByteArray+copy+free (old)	80.44	ns	200000		958c0082b294	false
wasmJs	1	ok	python.native.ffi.WasmMarshallingOverheadTest	Benchmark.printReport		marshal: malloc+free only	14.15	ns	200000		958c0082b294	false
wasmJs	1	ok	python.native.ffi.WasmMarshallingOverheadTest	Benchmark.printReport		marshal: encodeToByteArray only	52.39	ns	200000		958c0082b294	false
wasmJs	1	ok	python.native.ffi.WasmMarshallingOverheadTest	Benchmark.printReport		marshal: Wasm.scratchUtf8	29.48	ns	200000		958c0082b294	false
wasmJs	1	ok	python.native.ffi.WasmMarshallingOverheadTest	Benchmark.printReport		marshal: Wasm.internedUtf8 (hit)	21.61	ns	200000		958c0082b294	false
wasmJs	1	ok	python.native.ffi.WasmMarshallingOverheadTest	Benchmark.printReport		marshal 54-char name: Wasm.scratchUtf8	152.15	ns	200000		958c0082b294	false
wasmJs	1	ok	python.native.ffi.WasmMarshallingOverheadTest	Benchmark.printReport		marshal 54-char name: Wasm.internedUtf8 (hit)	25.88	ns	200000		958c0082b294	false
wasmJs	1	ok	python.native.ffi.WasmMarshallingOverheadTest	Benchmark.printReport		getattr: C string allocated per call (old)	259.2	ns	50000		958c0082b294	false
wasmJs	1	ok	python.native.ffi.WasmMarshallingOverheadTest	Benchmark.printReport		getattr: interned C string (new)	200.06	ns	50000		958c0082b294	false
wasmJs	1	ok	python.native.ffi.WasmMarshallingOverheadTest	Benchmark.printReport		getattr via actual: C string per call (old)	239.95	ns	50000		958c0082b294	false
wasmJs	1	ok	python.native.ffi.WasmMarshallingOverheadTest	Benchmark.printReport		getattr via actual: interned (new)	205.26	ns	50000		958c0082b294	false
wasmJs	1	ok	python.native.ffi.WasmMarshallingOverheadTest	Benchmark.printReport		getattr: scratch C string	204.75	ns	50000		958c0082b294	false
wasmJs	1	ok	python.native.ffi.WasmMarshallingOverheadTest	Benchmark.printReport		marshal 4000 B: malloc+encode+copy+free (old)	14866.91	ns	20000		958c0082b294	false
wasmJs	1	ok	python.native.ffi.WasmMarshallingOverheadTest	Benchmark.printReport		marshal 4000 B: Wasm.scratchUtf8	9830.11	ns	20000		958c0082b294	false
wasmJs	1	ok	python.multiplatform.ffi.upcall.GeneratedProxyCostTest	Generated proxy cost	Raw figures (timed inside Python, one shared loop)	empty Python function (the harness floor)	37.26	ns		Web emscripten (wasm32) / Wasm Kotlin/Wasm	958c0082b294	false
wasmJs	1	ok	python.multiplatform.ffi.upcall.GeneratedProxyCostTest	Generated proxy cost	Raw figures (timed inside Python, one shared loop)	plain.x            pure Python, no boundary	42.94	ns		Web emscripten (wasm32) / Wasm Kotlin/Wasm	958c0082b294	false
wasmJs	1	ok	python.multiplatform.ffi.upcall.GeneratedProxyCostTest	Generated proxy cost	Raw figures (timed inside Python, one shared loop)	plain.p            pure Python @property, no boundary	57.15	ns		Web emscripten (wasm32) / Wasm Kotlin/Wasm	958c0082b294	false
wasmJs	1	ok	python.multiplatform.ffi.upcall.GeneratedProxyCostTest	Generated proxy cost	Raw figures (timed inside Python, one shared loop)	_pm_invoke(h, ())                        raw boundary, arity 0	298.31	ns		Web emscripten (wasm32) / Wasm Kotlin/Wasm	958c0082b294	false
wasmJs	1	ok	python.multiplatform.ffi.upcall.GeneratedProxyCostTest	Generated proxy cost	Raw figures (timed inside Python, one shared loop)	demo.calc.ping()                          module function proxy	312.46	ns		Web emscripten (wasm32) / Wasm Kotlin/Wasm	958c0082b294	false
wasmJs	1	ok	python.multiplatform.ffi.upcall.GeneratedProxyCostTest	Generated proxy cost	Raw figures (timed inside Python, one shared loop)	_pm_release(_pm_invoke(h, (10,)))        raw boundary + release	691.22	ns		Web emscripten (wasm32) / Wasm Kotlin/Wasm	958c0082b294	false
wasmJs	1	ok	python.multiplatform.ffi.upcall.GeneratedProxyCostTest	Generated proxy cost	Raw figures (timed inside Python, one shared loop)	Counter(10)                               constructor proxy	1078.36	ns		Web emscripten (wasm32) / Wasm Kotlin/Wasm	958c0082b294	false
wasmJs	1	ok	python.multiplatform.ffi.upcall.GeneratedProxyCostTest	Generated proxy cost	Raw figures (timed inside Python, one shared loop)	_pm_invoke(h, (self, 5))                 raw boundary	401.04	ns		Web emscripten (wasm32) / Wasm Kotlin/Wasm	958c0082b294	false
wasmJs	1	ok	python.multiplatform.ffi.upcall.GeneratedProxyCostTest	Generated proxy cost	Raw figures (timed inside Python, one shared loop)	c.increment(5)                            instance method proxy	434.34	ns		Web emscripten (wasm32) / Wasm Kotlin/Wasm	958c0082b294	false
wasmJs	1	ok	python.multiplatform.ffi.upcall.GeneratedProxyCostTest	Generated proxy cost	Raw figures (timed inside Python, one shared loop)	_pm_invoke(h, (self,))                   raw boundary	387.06	ns		Web emscripten (wasm32) / Wasm Kotlin/Wasm	958c0082b294	false
wasmJs	1	ok	python.multiplatform.ffi.upcall.GeneratedProxyCostTest	Generated proxy cost	Raw figures (timed inside Python, one shared loop)	c.value                                   property read (descriptor)	407.76	ns		Web emscripten (wasm32) / Wasm Kotlin/Wasm	958c0082b294	false
wasmJs	1	ok	python.multiplatform.ffi.upcall.GeneratedProxyCostTest	Generated proxy cost	Raw figures (timed inside Python, one shared loop)	_pm_invoke(h, (self, 'x'))               raw boundary	455.47	ns		Web emscripten (wasm32) / Wasm Kotlin/Wasm	958c0082b294	false
wasmJs	1	ok	python.multiplatform.ffi.upcall.GeneratedProxyCostTest	Generated proxy cost	Raw figures (timed inside Python, one shared loop)	c.label = 'x'                             property write (descriptor)	543.09	ns		Web emscripten (wasm32) / Wasm Kotlin/Wasm	958c0082b294	false
wasmJs	1	ok	python.multiplatform.ffi.upcall.GeneratedProxyCostTest	Generated proxy cost	Raw figures (timed inside Python, one shared loop)	_pm_invoke(h, ())                        raw boundary, arity 0 again	315.21	ns		Web emscripten (wasm32) / Wasm Kotlin/Wasm	958c0082b294	false
wasmJs	1	ok	python.multiplatform.ffi.upcall.GeneratedProxyCostTest	Generated proxy cost	Raw figures (timed inside Python, one shared loop)	_pm_invoke(h, (12,))                     raw boundary	344.52	ns		Web emscripten (wasm32) / Wasm Kotlin/Wasm	958c0082b294	false
wasmJs	1	ok	python.multiplatform.ffi.upcall.GeneratedProxyCostTest	Generated proxy cost	Raw figures (timed inside Python, one shared loop)	Counter.created                           static read (metaclass)	409.84	ns		Web emscripten (wasm32) / Wasm Kotlin/Wasm	958c0082b294	false
wasmJs	1	ok	python.multiplatform.ffi.upcall.GeneratedProxyCostTest	Generated proxy cost	Raw figures (timed inside Python, one shared loop)	Counter.created = 12                      static write (metaclass)	571.64	ns		Web emscripten (wasm32) / Wasm Kotlin/Wasm	958c0082b294	false
wasmJs	1	ok	python.multiplatform.ffi.upcall.GeneratedProxyCostTest	Generated proxy cost	Raw figures (timed inside Python, one shared loop)	demo.calc.tally                           top-level read (module type)	447.21	ns		Web emscripten (wasm32) / Wasm Kotlin/Wasm	958c0082b294	false
wasmJs	1	ok	python.multiplatform.ffi.upcall.GeneratedProxyCostTest	Generated proxy cost	Raw figures (timed inside Python, one shared loop)	demo.calc.tally = 9                       top-level write (module type)	462.02	ns		Web emscripten (wasm32) / Wasm Kotlin/Wasm	958c0082b294	false
wasmJs	1	ok	python.multiplatform.ffi.upcall.GeneratedProxyCostTest	Generated proxy cost	Pure-Python floors, net of the harness (no boundary anywhere in these)	plain attribute read	5.68	ns		Web emscripten (wasm32) / Wasm Kotlin/Wasm	958c0082b294	false
wasmJs	1	ok	python.multiplatform.ffi.upcall.GeneratedProxyCostTest	Generated proxy cost	Pure-Python floors, net of the harness (no boundary anywhere in these)	@property read	19.89	ns		Web emscripten (wasm32) / Wasm Kotlin/Wasm	958c0082b294	false
wasmJs	1	ok	python.multiplatform.ffi.upcall.GeneratedProxyCostTest	Generated proxy cost	Pure-Python floors, net of the harness (no boundary anywhere in these)	the descriptor itself costs	14.2	ns		Web emscripten (wasm32) / Wasm Kotlin/Wasm	958c0082b294	false
wasmJs	1	ok	python.multiplatform.ffi.upcall.GeneratedProxyCostTest	Generated proxy install cost		PythonProxySource.render()      Kotlin string building only	238.24	us		Web emscripten (wasm32) / Wasm Kotlin/Wasm	958c0082b294	false
wasmJs	1	ok	python.multiplatform.ffi.upcall.GeneratedProxyCostTest	Generated proxy install cost		PythonProxySource.install()     render + Python3.exec	2219.05	us		Web emscripten (wasm32) / Wasm Kotlin/Wasm	958c0082b294	false
wasmJs	1	ok	python.multiplatform.ffi.upcall.GeneratedProxyCostTest	Generated proxy install cost		...of which Python3.exec	1980.8	us		Web emscripten (wasm32) / Wasm Kotlin/Wasm	958c0082b294	false
wasmJs	1	ok	python.native.ffi.UpcallBoundaryCostTest	Upcall boundary cost	Python-driven (timed inside Python)	empty Python loop	15.34	ns	10000	Web emscripten (wasm32) / Wasm Kotlin/Wasm	958c0082b294	false
wasmJs	1	ok	python.native.ffi.UpcallBoundaryCostTest	Upcall boundary cost	Python-driven (timed inside Python)	pure-Python callee, same shape	49.22	ns	10000	Web emscripten (wasm32) / Wasm Kotlin/Wasm	958c0082b294	false
wasmJs	1	ok	python.native.ffi.UpcallBoundaryCostTest	Upcall boundary cost	Python-driven (timed inside Python)	upcall to Kotlin	310.72	ns	10000	Web emscripten (wasm32) / Wasm Kotlin/Wasm	958c0082b294	false
wasmJs	1	ok	python.native.ffi.UpcallBoundaryCostTest	Upcall boundary cost	Python-driven (timed inside Python)	upcall net of loop	295.38	ns	10000	Web emscripten (wasm32) / Wasm Kotlin/Wasm	958c0082b294	false
wasmJs	1	ok	python.native.ffi.UpcallBoundaryCostTest	Upcall boundary cost	Python-driven (timed inside Python)	upcall net of a Python call	261.5	ns	10000	Web emscripten (wasm32) / Wasm Kotlin/Wasm	958c0082b294	false
wasmJs	1	ok	python.native.ffi.UpcallBoundaryCostTest	Upcall boundary cost	Comparison basis, same run (timed inside Kotlin)	Py_IncRef + Py_DecRef (2 downcalls, a GIL scope each)	46.98	ns	10000	Web emscripten (wasm32) / Wasm Kotlin/Wasm	958c0082b294	false
wasmJs	1	ok	python.native.ffi.UpcallBoundaryCostTest	Upcall boundary cost	Comparison basis, same run (timed inside Kotlin)	PyObject_CallObject on a Python def (downcall, same shape)	100.95	ns	10000	Web emscripten (wasm32) / Wasm Kotlin/Wasm	958c0082b294	false
wasmJs	1	ok	python.native.ffi.UpcallBoundaryCostTest	Upcall boundary cost	Comparison basis, same run (timed inside Kotlin)	UpcallTrampoline.invoke from Kotlin (no shim, no boundary)	164.88	ns	10000	Web emscripten (wasm32) / Wasm Kotlin/Wasm	958c0082b294	false
wasmJs	1	ok	python.native.ffi.UpcallBoundaryCostTest	Upcall boundary cost	Comparison basis, same run (timed inside Kotlin)	...the same, with the GIL already held by the caller	129.83	ns	10000	Web emscripten (wasm32) / Wasm Kotlin/Wasm	958c0082b294	false
wasmJs	1	ok	python.native.ffi.UpcallBoundaryCostTest	Upcall boundary cost	Comparison basis, same run (timed inside Kotlin)	...Python3.withPython { } with nothing in it, for scale	25.15	ns	10000	Web emscripten (wasm32) / Wasm Kotlin/Wasm	958c0082b294	false
wasmJs	1	ok	python.native.ffi.UpcallBoundaryCostTest	Upcall boundary cost	Ratios	upcall / downcall of the same shape	3.07	x	10000	Web emscripten (wasm32) / Wasm Kotlin/Wasm	958c0082b294	false
wasmJs	1	ok	python.native.ffi.UpcallBoundaryCostTest	Upcall boundary cost	Ratios	upcall / trampoline alone, caller holding nothing	1.88	x	10000	Web emscripten (wasm32) / Wasm Kotlin/Wasm	958c0082b294	false
wasmJs	1	ok	python.native.ffi.UpcallBoundaryCostTest	Upcall boundary cost	Ratios	upcall / trampoline alone, GIL held (what the shim adds)	2.39	x	10000	Web emscripten (wasm32) / Wasm Kotlin/Wasm	958c0082b294	false
androidNativeArm64	1	ok	python.multiplatform.overhead.BenchmarkTest	Benchmark.printReport		NativePointer.toRawValue()	70.72	ns	1000000		958c0082b294	false
androidNativeArm64	1	ok	python.multiplatform.overhead.BenchmarkTest	Benchmark.printReport		NativePointer.toAddressValue()	84.13	ns	1000000		958c0082b294	false
androidNativeArm64	1	ok	python.multiplatform.overhead.BenchmarkTest	Benchmark.printReport		AddressValue.toNativePointer()	95.58	ns	1000000		958c0082b294	false
androidNativeArm64	1	ok	python.multiplatform.overhead.BenchmarkTest	Benchmark.printReport		Py_IncRef/Py_DecRef	2221.67	ns	1000000		958c0082b294	false
androidNativeArm64	1	ok	python.multiplatform.overhead.BenchmarkTest	Benchmark.printReport		PyUnicode_FromString (8 chars)	4706.72	ns	10000		958c0082b294	false
androidNativeArm64	1	ok	python.multiplatform.overhead.BenchmarkTest	Benchmark.printReport		PyUnicode_AsUTF8 (8 chars)	1306.8	ns	10000		958c0082b294	false
androidNativeArm64	1	ok	python.multiplatform.overhead.BenchmarkTest	Benchmark.printReport		PyUnicode_FromString (256 chars)	40737.47	ns	10000		958c0082b294	false
androidNativeArm64	1	ok	python.multiplatform.overhead.BenchmarkTest	Benchmark.printReport		PyUnicode_AsUTF8 (256 chars)	5004.19	ns	10000		958c0082b294	false
androidNativeArm64	1	ok	python.multiplatform.overhead.BenchmarkTest	Benchmark.printReport		PyUnicode_FromString (8192 chars)	1171074.26	ns	10000		958c0082b294	false
androidNativeArm64	1	ok	python.multiplatform.overhead.BenchmarkTest	Benchmark.printReport		PyUnicode_AsUTF8 (8192 chars)	122217.03	ns	10000		958c0082b294	false
androidNativeArm64	1	ok	python.multiplatform.overhead.BenchmarkTest	Benchmark.printReport		PyLong_FromLongLong	2286.43	ns	100000		958c0082b294	false
androidNativeArm64	1	ok	python.multiplatform.overhead.BenchmarkTest	Benchmark.printReport		PyLong_AsLongLong	1209.32	ns	100000		958c0082b294	false
androidNativeArm64	1	ok	python.multiplatform.overhead.BenchmarkTest	Benchmark.printReport		Manual IncRef/DecRef	2166.75	ns	100000		958c0082b294	false
androidNativeArm64	1	ok	python.multiplatform.overhead.BenchmarkTest	Benchmark.printReport		PyObject wrapper creation	2703.14	ns	100000		958c0082b294	false
androidNativeArm64	1	ok	python.multiplatform.overhead.BenchmarkTest	Benchmark.printReport		PyObject_GetAttrString	4649.53	ns	10000		958c0082b294	false
androidNativeArm64	1	ok	python.multiplatform.reflection.UpcallOverheadTest	Benchmark.printReport		UpcallTable.resolve(name) [200 entries]	235.79	ns	1000000		958c0082b294	false
androidNativeArm64	1	ok	python.multiplatform.reflection.UpcallOverheadTest	Benchmark.printReport		UpcallTable.invoke(handle, args)	310.15	ns	1000000		958c0082b294	false
androidNativeArm64	1	ok	python.multiplatform.reflection.UpcallOverheadTest	Benchmark.printReport		UpcallTable.invokeByName(name, args)	440.54	ns	1000000		958c0082b294	false
androidNativeArm64	1	ok	python.multiplatform.reflection.UpcallOverheadTest	Benchmark.printReport		arrayOf(1L) allocation + boxing	76.93	ns	1000000		958c0082b294	false
androidNativeArm64	1	ok	python.multiplatform.reflection.UpcallOverheadTest	Benchmark.printReport		invoke with a pre-built args array	251.28	ns	1000000		958c0082b294	false
androidNativeArm64	1	ok	python.multiplatform.reflection.UpcallOverheadTest	Benchmark.printReport		direct Kotlin call (floor)	15.15	ns	1000000		958c0082b294	false
androidNativeArm64	1	ok	python.multiplatform.reflection.UpcallOverheadTest	Benchmark.printReport		HandleTable.resolve(handle)	155.69	ns	1000000		958c0082b294	false
androidNativeArm64	1	ok	python.multiplatform.reflection.UpcallOverheadTest	Benchmark.printReport		HandleTable.register + release	849.25	ns	500000		958c0082b294	false
androidNativeArm64	1	ok	python.multiplatform.ffi.upcall.GeneratedProxyCostTest	Generated proxy cost	Raw figures (timed inside Python, one shared loop)	empty Python function (the harness floor)	39.6	ns		Android 16 (SDK 36, aarch64) / Native	958c0082b294	false
androidNativeArm64	1	ok	python.multiplatform.ffi.upcall.GeneratedProxyCostTest	Generated proxy cost	Raw figures (timed inside Python, one shared loop)	plain.x            pure Python, no boundary	42.6	ns		Android 16 (SDK 36, aarch64) / Native	958c0082b294	false
androidNativeArm64	1	ok	python.multiplatform.ffi.upcall.GeneratedProxyCostTest	Generated proxy cost	Raw figures (timed inside Python, one shared loop)	plain.p            pure Python @property, no boundary	56.3	ns		Android 16 (SDK 36, aarch64) / Native	958c0082b294	false
androidNativeArm64	1	ok	python.multiplatform.ffi.upcall.GeneratedProxyCostTest	Generated proxy cost	Raw figures (timed inside Python, one shared loop)	_pm_invoke(h, ())                        raw boundary, arity 0	2873.96	ns		Android 16 (SDK 36, aarch64) / Native	958c0082b294	false
androidNativeArm64	1	ok	python.multiplatform.ffi.upcall.GeneratedProxyCostTest	Generated proxy cost	Raw figures (timed inside Python, one shared loop)	demo.calc.ping()                          module function proxy	2851.41	ns		Android 16 (SDK 36, aarch64) / Native	958c0082b294	false
androidNativeArm64	1	ok	python.multiplatform.ffi.upcall.GeneratedProxyCostTest	Generated proxy cost	Raw figures (timed inside Python, one shared loop)	_pm_release(_pm_invoke(h, (10,)))        raw boundary + release	5580.55	ns		Android 16 (SDK 36, aarch64) / Native	958c0082b294	false
androidNativeArm64	1	ok	python.multiplatform.ffi.upcall.GeneratedProxyCostTest	Generated proxy cost	Raw figures (timed inside Python, one shared loop)	Counter(10)                               constructor proxy	6058.18	ns		Android 16 (SDK 36, aarch64) / Native	958c0082b294	false
androidNativeArm64	1	ok	python.multiplatform.ffi.upcall.GeneratedProxyCostTest	Generated proxy cost	Raw figures (timed inside Python, one shared loop)	_pm_invoke(h, (self, 5))                 raw boundary	4364.48	ns		Android 16 (SDK 36, aarch64) / Native	958c0082b294	false
androidNativeArm64	1	ok	python.multiplatform.ffi.upcall.GeneratedProxyCostTest	Generated proxy cost	Raw figures (timed inside Python, one shared loop)	c.increment(5)                            instance method proxy	4350.47	ns		Android 16 (SDK 36, aarch64) / Native	958c0082b294	false
androidNativeArm64	1	ok	python.multiplatform.ffi.upcall.GeneratedProxyCostTest	Generated proxy cost	Raw figures (timed inside Python, one shared loop)	_pm_invoke(h, (self,))                   raw boundary	3756.44	ns		Android 16 (SDK 36, aarch64) / Native	958c0082b294	false
androidNativeArm64	1	ok	python.multiplatform.ffi.upcall.GeneratedProxyCostTest	Generated proxy cost	Raw figures (timed inside Python, one shared loop)	c.value                                   property read (descriptor)	3784.96	ns		Android 16 (SDK 36, aarch64) / Native	958c0082b294	false
androidNativeArm64	1	ok	python.multiplatform.ffi.upcall.GeneratedProxyCostTest	Generated proxy cost	Raw figures (timed inside Python, one shared loop)	_pm_invoke(h, (self, 'x'))               raw boundary	4206.93	ns		Android 16 (SDK 36, aarch64) / Native	958c0082b294	false
androidNativeArm64	1	ok	python.multiplatform.ffi.upcall.GeneratedProxyCostTest	Generated proxy cost	Raw figures (timed inside Python, one shared loop)	c.label = 'x'                             property write (descriptor)	4362.9	ns		Android 16 (SDK 36, aarch64) / Native	958c0082b294	false
androidNativeArm64	1	ok	python.multiplatform.ffi.upcall.GeneratedProxyCostTest	Generated proxy cost	Raw figures (timed inside Python, one shared loop)	_pm_invoke(h, ())                        raw boundary, arity 0 again	2743.95	ns		Android 16 (SDK 36, aarch64) / Native	958c0082b294	false
androidNativeArm64	1	ok	python.multiplatform.ffi.upcall.GeneratedProxyCostTest	Generated proxy cost	Raw figures (timed inside Python, one shared loop)	_pm_invoke(h, (12,))                     raw boundary	3260.99	ns		Android 16 (SDK 36, aarch64) / Native	958c0082b294	false
androidNativeArm64	1	ok	python.multiplatform.ffi.upcall.GeneratedProxyCostTest	Generated proxy cost	Raw figures (timed inside Python, one shared loop)	Counter.created                           static read (metaclass)	2823.78	ns		Android 16 (SDK 36, aarch64) / Native	958c0082b294	false
androidNativeArm64	1	ok	python.multiplatform.ffi.upcall.GeneratedProxyCostTest	Generated proxy cost	Raw figures (timed inside Python, one shared loop)	Counter.created = 12                      static write (metaclass)	3418.61	ns		Android 16 (SDK 36, aarch64) / Native	958c0082b294	false
androidNativeArm64	1	ok	python.multiplatform.ffi.upcall.GeneratedProxyCostTest	Generated proxy cost	Raw figures (timed inside Python, one shared loop)	demo.calc.tally                           top-level read (module type)	2854.26	ns		Android 16 (SDK 36, aarch64) / Native	958c0082b294	false
androidNativeArm64	1	ok	python.multiplatform.ffi.upcall.GeneratedProxyCostTest	Generated proxy cost	Raw figures (timed inside Python, one shared loop)	demo.calc.tally = 9                       top-level write (module type)	3412.09	ns		Android 16 (SDK 36, aarch64) / Native	958c0082b294	false
androidNativeArm64	1	ok	python.multiplatform.ffi.upcall.GeneratedProxyCostTest	Generated proxy cost	Pure-Python floors, net of the harness (no boundary anywhere in these)	plain attribute read	2.99	ns		Android 16 (SDK 36, aarch64) / Native	958c0082b294	false
androidNativeArm64	1	ok	python.multiplatform.ffi.upcall.GeneratedProxyCostTest	Generated proxy cost	Pure-Python floors, net of the harness (no boundary anywhere in these)	@property read	16.69	ns		Android 16 (SDK 36, aarch64) / Native	958c0082b294	false
androidNativeArm64	1	ok	python.multiplatform.ffi.upcall.GeneratedProxyCostTest	Generated proxy cost	Pure-Python floors, net of the harness (no boundary anywhere in these)	the descriptor itself costs	13.7	ns		Android 16 (SDK 36, aarch64) / Native	958c0082b294	false
androidNativeArm64	1	ok	python.multiplatform.ffi.upcall.GeneratedProxyCostTest	Generated proxy cost, await fast path		_pm_invoke(h, (21,)) inside the coroutine, no await	4313.36	ns		Android 16 (SDK 36, aarch64) / Native	958c0082b294	false
androidNativeArm64	1	ok	python.multiplatform.ffi.upcall.GeneratedProxyCostTest	Generated proxy cost, await fast path		await a pure-Python coroutine that never suspends	111.14	ns		Android 16 (SDK 36, aarch64) / Native	958c0082b294	false
androidNativeArm64	1	ok	python.multiplatform.ffi.upcall.GeneratedProxyCostTest	Generated proxy cost, await fast path		await demo.calc.doubleNow(21)   generated async def, fast path	4562.32	ns		Android 16 (SDK 36, aarch64) / Native	958c0082b294	false
androidNativeArm64	1	ok	python.multiplatform.ffi.upcall.GeneratedProxyCostTest	Generated proxy cost, await fast path		await proxy / raw boundary in the same loop	1.05	x		Android 16 (SDK 36, aarch64) / Native	958c0082b294	false
androidNativeArm64	1	ok	python.multiplatform.ffi.upcall.GeneratedProxyCostTest	Generated proxy cost, await fast path		what the async def wrapper adds	248.96	ns		Android 16 (SDK 36, aarch64) / Native	958c0082b294	false
androidNativeArm64	1	ok	python.multiplatform.ffi.upcall.GeneratedProxyCostTest	Generated proxy install cost		PythonProxySource.render()      Kotlin string building only	892.54	us		Android 16 (SDK 36, aarch64) / Native	958c0082b294	false
androidNativeArm64	1	ok	python.multiplatform.ffi.upcall.GeneratedProxyCostTest	Generated proxy install cost		PythonProxySource.install()     render + Python3.exec	4262.77	us		Android 16 (SDK 36, aarch64) / Native	958c0082b294	false
androidNativeArm64	1	ok	python.multiplatform.ffi.upcall.GeneratedProxyCostTest	Generated proxy install cost		...of which Python3.exec	3370.23	us		Android 16 (SDK 36, aarch64) / Native	958c0082b294	false
androidNativeArm64	1	ok	python.native.ffi.UpcallBoundaryCostTest	Upcall boundary cost	Python-driven (timed inside Python)	empty Python loop	17.31	ns	10000	Android 16 (SDK 36, aarch64) / Native	958c0082b294	false
androidNativeArm64	1	ok	python.native.ffi.UpcallBoundaryCostTest	Upcall boundary cost	Python-driven (timed inside Python)	pure-Python callee, same shape	58.45	ns	10000	Android 16 (SDK 36, aarch64) / Native	958c0082b294	false
androidNativeArm64	1	ok	python.native.ffi.UpcallBoundaryCostTest	Upcall boundary cost	Python-driven (timed inside Python)	upcall to Kotlin	3443.23	ns	10000	Android 16 (SDK 36, aarch64) / Native	958c0082b294	false
androidNativeArm64	1	ok	python.native.ffi.UpcallBoundaryCostTest	Upcall boundary cost	Python-driven (timed inside Python)	upcall net of loop	3425.91	ns	10000	Android 16 (SDK 36, aarch64) / Native	958c0082b294	false
androidNativeArm64	1	ok	python.native.ffi.UpcallBoundaryCostTest	Upcall boundary cost	Python-driven (timed inside Python)	upcall net of a Python call	3384.78	ns	10000	Android 16 (SDK 36, aarch64) / Native	958c0082b294	false
androidNativeArm64	1	ok	python.native.ffi.UpcallBoundaryCostTest	Upcall boundary cost	Comparison basis, same run (timed inside Kotlin)	Py_IncRef + Py_DecRef (2 downcalls, a GIL scope each)	2167.44	ns	10000	Android 16 (SDK 36, aarch64) / Native	958c0082b294	false
androidNativeArm64	1	ok	python.native.ffi.UpcallBoundaryCostTest	Upcall boundary cost	Comparison basis, same run (timed inside Kotlin)	PyObject_CallObject on a Python def (downcall, same shape)	2365.61	ns	10000	Android 16 (SDK 36, aarch64) / Native	958c0082b294	false
androidNativeArm64	1	ok	python.native.ffi.UpcallBoundaryCostTest	Upcall boundary cost	Comparison basis, same run (timed inside Kotlin)	UpcallTrampoline.invoke from Kotlin (no shim, no boundary)	4069.4	ns	10000	Android 16 (SDK 36, aarch64) / Native	958c0082b294	false
androidNativeArm64	1	ok	python.native.ffi.UpcallBoundaryCostTest	Upcall boundary cost	Comparison basis, same run (timed inside Kotlin)	...the same, with the GIL already held by the caller	2857.59	ns	10000	Android 16 (SDK 36, aarch64) / Native	958c0082b294	false
androidNativeArm64	1	ok	python.native.ffi.UpcallBoundaryCostTest	Upcall boundary cost	Comparison basis, same run (timed inside Kotlin)	...Python3.withPython { } with nothing in it, for scale	1051.08	ns	10000	Android 16 (SDK 36, aarch64) / Native	958c0082b294	false
androidNativeArm64	1	ok	python.native.ffi.UpcallBoundaryCostTest	Upcall boundary cost	Ratios	upcall / downcall of the same shape	1.45	x	10000	Android 16 (SDK 36, aarch64) / Native	958c0082b294	false
androidNativeArm64	1	ok	python.native.ffi.UpcallBoundaryCostTest	Upcall boundary cost	Ratios	upcall / trampoline alone, caller holding nothing	0.84	x	10000	Android 16 (SDK 36, aarch64) / Native	958c0082b294	false
androidNativeArm64	1	ok	python.native.ffi.UpcallBoundaryCostTest	Upcall boundary cost	Ratios	upcall / trampoline alone, GIL held (what the shim adds)	1.2	x	10000	Android 16 (SDK 36, aarch64) / Native	958c0082b294	false
desktop	2	ok	python.multiplatform.overhead.BenchmarkTest	Benchmark.printReport		PyObject_GetAttrString	195.15	ns	10000		958c0082b294	false
desktop	2	ok	python.multiplatform.overhead.BenchmarkTest	Benchmark.printReport		PyLong_FromLongLong	127.77	ns	100000		958c0082b294	false
desktop	2	ok	python.multiplatform.overhead.BenchmarkTest	Benchmark.printReport		PyLong_AsLongLong	59.05	ns	100000		958c0082b294	false
desktop	2	ok	python.multiplatform.overhead.BenchmarkTest	Benchmark.printReport		Py_IncRef/Py_DecRef	111.95	ns	1000000		958c0082b294	false
desktop	2	ok	python.multiplatform.overhead.BenchmarkTest	Benchmark.printReport		PyUnicode_FromString (8 chars)	191.0	ns	10000		958c0082b294	false
desktop	2	ok	python.multiplatform.overhead.BenchmarkTest	Benchmark.printReport		PyUnicode_AsUTF8 (8 chars)	80.29	ns	10000		958c0082b294	false
desktop	2	ok	python.multiplatform.overhead.BenchmarkTest	Benchmark.printReport		PyUnicode_FromString (256 chars)	261.19	ns	10000		958c0082b294	false
desktop	2	ok	python.multiplatform.overhead.BenchmarkTest	Benchmark.printReport		PyUnicode_AsUTF8 (256 chars)	238.2	ns	10000		958c0082b294	false
desktop	2	ok	python.multiplatform.overhead.BenchmarkTest	Benchmark.printReport		PyUnicode_FromString (8192 chars)	2082.4	ns	10000		958c0082b294	false
desktop	2	ok	python.multiplatform.overhead.BenchmarkTest	Benchmark.printReport		PyUnicode_AsUTF8 (8192 chars)	5450.99	ns	10000		958c0082b294	false
desktop	2	ok	python.multiplatform.overhead.BenchmarkTest	Benchmark.printReport		NativePointer.toRawValue()	2.31	ns	1000000		958c0082b294	false
desktop	2	ok	python.multiplatform.overhead.BenchmarkTest	Benchmark.printReport		NativePointer.toAddressValue()	2.32	ns	1000000		958c0082b294	false
desktop	2	ok	python.multiplatform.overhead.BenchmarkTest	Benchmark.printReport		AddressValue.toNativePointer()	2.35	ns	1000000		958c0082b294	false
desktop	2	ok	python.multiplatform.overhead.BenchmarkTest	Benchmark.printReport		Manual IncRef/DecRef	111.24	ns	100000		958c0082b294	false
desktop	2	ok	python.multiplatform.overhead.BenchmarkTest	Benchmark.printReport		PyObject wrapper creation	199.9	ns	100000		958c0082b294	false
desktop	2	ok	python.multiplatform.reflection.UpcallOverheadTest	Benchmark.printReport		HandleTable.resolve(handle)	8.09	ns	1000000		958c0082b294	false
desktop	2	ok	python.multiplatform.reflection.UpcallOverheadTest	Benchmark.printReport		HandleTable.register + release	31.26	ns	500000		958c0082b294	false
desktop	2	ok	python.multiplatform.reflection.UpcallOverheadTest	Benchmark.printReport		UpcallTable.resolve(name) [200 entries]	9.63	ns	1000000		958c0082b294	false
desktop	2	ok	python.multiplatform.reflection.UpcallOverheadTest	Benchmark.printReport		UpcallTable.invoke(handle, args)	15.97	ns	1000000		958c0082b294	false
desktop	2	ok	python.multiplatform.reflection.UpcallOverheadTest	Benchmark.printReport		UpcallTable.invokeByName(name, args)	14.64	ns	1000000		958c0082b294	false
desktop	2	ok	python.multiplatform.reflection.UpcallOverheadTest	Benchmark.printReport		arrayOf(1L) allocation + boxing	6.64	ns	1000000		958c0082b294	false
desktop	2	ok	python.multiplatform.reflection.UpcallOverheadTest	Benchmark.printReport		invoke with a pre-built args array	8.64	ns	1000000		958c0082b294	false
desktop	2	ok	python.multiplatform.reflection.UpcallOverheadTest	Benchmark.printReport		direct Kotlin call (floor)	2.26	ns	1000000		958c0082b294	false
desktop	2	ok	python.multiplatform.ffi.upcall.GeneratedProxyCostTest	Generated proxy cost	Raw figures (timed inside Python, one shared loop)	empty Python function (the harness floor)	20.5	ns		MacOS 26.5.1 (aarch64) / JVM 21.0.12	958c0082b294	false
desktop	2	ok	python.multiplatform.ffi.upcall.GeneratedProxyCostTest	Generated proxy cost	Raw figures (timed inside Python, one shared loop)	plain.x            pure Python, no boundary	24.73	ns		MacOS 26.5.1 (aarch64) / JVM 21.0.12	958c0082b294	false
desktop	2	ok	python.multiplatform.ffi.upcall.GeneratedProxyCostTest	Generated proxy cost	Raw figures (timed inside Python, one shared loop)	plain.p            pure Python @property, no boundary	31.55	ns		MacOS 26.5.1 (aarch64) / JVM 21.0.12	958c0082b294	false
desktop	2	ok	python.multiplatform.ffi.upcall.GeneratedProxyCostTest	Generated proxy cost	Raw figures (timed inside Python, one shared loop)	_pm_invoke(h, ())                        raw boundary, arity 0	481.82	ns		MacOS 26.5.1 (aarch64) / JVM 21.0.12	958c0082b294	false
desktop	2	ok	python.multiplatform.ffi.upcall.GeneratedProxyCostTest	Generated proxy cost	Raw figures (timed inside Python, one shared loop)	demo.calc.ping()                          module function proxy	493.55	ns		MacOS 26.5.1 (aarch64) / JVM 21.0.12	958c0082b294	false
desktop	2	ok	python.multiplatform.ffi.upcall.GeneratedProxyCostTest	Generated proxy cost	Raw figures (timed inside Python, one shared loop)	_pm_release(_pm_invoke(h, (10,)))        raw boundary + release	828.36	ns		MacOS 26.5.1 (aarch64) / JVM 21.0.12	958c0082b294	false
desktop	2	ok	python.multiplatform.ffi.upcall.GeneratedProxyCostTest	Generated proxy cost	Raw figures (timed inside Python, one shared loop)	Counter(10)                               constructor proxy	1004.19	ns		MacOS 26.5.1 (aarch64) / JVM 21.0.12	958c0082b294	false
desktop	2	ok	python.multiplatform.ffi.upcall.GeneratedProxyCostTest	Generated proxy cost	Raw figures (timed inside Python, one shared loop)	_pm_invoke(h, (self, 5))                 raw boundary	542.77	ns		MacOS 26.5.1 (aarch64) / JVM 21.0.12	958c0082b294	false
desktop	2	ok	python.multiplatform.ffi.upcall.GeneratedProxyCostTest	Generated proxy cost	Raw figures (timed inside Python, one shared loop)	c.increment(5)                            instance method proxy	565.18	ns		MacOS 26.5.1 (aarch64) / JVM 21.0.12	958c0082b294	false
desktop	2	ok	python.multiplatform.ffi.upcall.GeneratedProxyCostTest	Generated proxy cost	Raw figures (timed inside Python, one shared loop)	_pm_invoke(h, (self,))                   raw boundary	524.04	ns		MacOS 26.5.1 (aarch64) / JVM 21.0.12	958c0082b294	false
desktop	2	ok	python.multiplatform.ffi.upcall.GeneratedProxyCostTest	Generated proxy cost	Raw figures (timed inside Python, one shared loop)	c.value                                   property read (descriptor)	537.45	ns		MacOS 26.5.1 (aarch64) / JVM 21.0.12	958c0082b294	false
desktop	2	ok	python.multiplatform.ffi.upcall.GeneratedProxyCostTest	Generated proxy cost	Raw figures (timed inside Python, one shared loop)	_pm_invoke(h, (self, 'x'))               raw boundary	546.79	ns		MacOS 26.5.1 (aarch64) / JVM 21.0.12	958c0082b294	false
desktop	2	ok	python.multiplatform.ffi.upcall.GeneratedProxyCostTest	Generated proxy cost	Raw figures (timed inside Python, one shared loop)	c.label = 'x'                             property write (descriptor)	591.13	ns		MacOS 26.5.1 (aarch64) / JVM 21.0.12	958c0082b294	false
desktop	2	ok	python.multiplatform.ffi.upcall.GeneratedProxyCostTest	Generated proxy cost	Raw figures (timed inside Python, one shared loop)	_pm_invoke(h, ())                        raw boundary, arity 0 again	469.81	ns		MacOS 26.5.1 (aarch64) / JVM 21.0.12	958c0082b294	false
desktop	2	ok	python.multiplatform.ffi.upcall.GeneratedProxyCostTest	Generated proxy cost	Raw figures (timed inside Python, one shared loop)	_pm_invoke(h, (12,))                     raw boundary	491.57	ns		MacOS 26.5.1 (aarch64) / JVM 21.0.12	958c0082b294	false
desktop	2	ok	python.multiplatform.ffi.upcall.GeneratedProxyCostTest	Generated proxy cost	Raw figures (timed inside Python, one shared loop)	Counter.created                           static read (metaclass)	511.58	ns		MacOS 26.5.1 (aarch64) / JVM 21.0.12	958c0082b294	false
desktop	2	ok	python.multiplatform.ffi.upcall.GeneratedProxyCostTest	Generated proxy cost	Raw figures (timed inside Python, one shared loop)	Counter.created = 12                      static write (metaclass)	550.56	ns		MacOS 26.5.1 (aarch64) / JVM 21.0.12	958c0082b294	false
desktop	2	ok	python.multiplatform.ffi.upcall.GeneratedProxyCostTest	Generated proxy cost	Raw figures (timed inside Python, one shared loop)	demo.calc.tally                           top-level read (module type)	506.29	ns		MacOS 26.5.1 (aarch64) / JVM 21.0.12	958c0082b294	false
desktop	2	ok	python.multiplatform.ffi.upcall.GeneratedProxyCostTest	Generated proxy cost	Raw figures (timed inside Python, one shared loop)	demo.calc.tally = 9                       top-level write (module type)	551.82	ns		MacOS 26.5.1 (aarch64) / JVM 21.0.12	958c0082b294	false
desktop	2	ok	python.multiplatform.ffi.upcall.GeneratedProxyCostTest	Generated proxy cost	Pure-Python floors, net of the harness (no boundary anywhere in these)	plain attribute read	4.22	ns		MacOS 26.5.1 (aarch64) / JVM 21.0.12	958c0082b294	false
desktop	2	ok	python.multiplatform.ffi.upcall.GeneratedProxyCostTest	Generated proxy cost	Pure-Python floors, net of the harness (no boundary anywhere in these)	@property read	11.04	ns		MacOS 26.5.1 (aarch64) / JVM 21.0.12	958c0082b294	false
desktop	2	ok	python.multiplatform.ffi.upcall.GeneratedProxyCostTest	Generated proxy cost	Pure-Python floors, net of the harness (no boundary anywhere in these)	the descriptor itself costs	6.82	ns		MacOS 26.5.1 (aarch64) / JVM 21.0.12	958c0082b294	false
desktop	2	ok	python.multiplatform.ffi.upcall.GeneratedProxyCostTest	Generated proxy install cost		PythonProxySource.render()      Kotlin string building only	266.41	us		MacOS 26.5.1 (aarch64) / JVM 21.0.12	958c0082b294	false
desktop	2	ok	python.multiplatform.ffi.upcall.GeneratedProxyCostTest	Generated proxy install cost		PythonProxySource.install()     render + Python3.exec	1136.97	us		MacOS 26.5.1 (aarch64) / JVM 21.0.12	958c0082b294	false
desktop	2	ok	python.multiplatform.ffi.upcall.GeneratedProxyCostTest	Generated proxy install cost		...of which Python3.exec	870.56	us		MacOS 26.5.1 (aarch64) / JVM 21.0.12	958c0082b294	false
desktop	2	ok	python.multiplatform.ffi.upcall.GeneratedProxyCostTest	Generated proxy cost, await fast path		_pm_invoke(h, (21,)) inside the coroutine, no await	593.34	ns		MacOS 26.5.1 (aarch64) / JVM 21.0.12	958c0082b294	false
desktop	2	ok	python.multiplatform.ffi.upcall.GeneratedProxyCostTest	Generated proxy cost, await fast path		await a pure-Python coroutine that never suspends	68.91	ns		MacOS 26.5.1 (aarch64) / JVM 21.0.12	958c0082b294	false
desktop	2	ok	python.multiplatform.ffi.upcall.GeneratedProxyCostTest	Generated proxy cost, await fast path		await demo.calc.doubleNow(21)   generated async def, fast path	627.86	ns		MacOS 26.5.1 (aarch64) / JVM 21.0.12	958c0082b294	false
desktop	2	ok	python.multiplatform.ffi.upcall.GeneratedProxyCostTest	Generated proxy cost, await fast path		await proxy / raw boundary in the same loop	1.05	x		MacOS 26.5.1 (aarch64) / JVM 21.0.12	958c0082b294	false
desktop	2	ok	python.multiplatform.ffi.upcall.GeneratedProxyCostTest	Generated proxy cost, await fast path		what the async def wrapper adds	34.52	ns		MacOS 26.5.1 (aarch64) / JVM 21.0.12	958c0082b294	false
desktop	2	ok	python.native.ffi.UpcallBoundaryCostTest	Upcall boundary cost	Python-driven (timed inside Python)	empty Python loop	8.67	ns	10000	MacOS 26.5.1 (aarch64) / JVM 21.0.12	958c0082b294	false
desktop	2	ok	python.native.ffi.UpcallBoundaryCostTest	Upcall boundary cost	Python-driven (timed inside Python)	pure-Python callee, same shape	26.09	ns	10000	MacOS 26.5.1 (aarch64) / JVM 21.0.12	958c0082b294	false
desktop	2	ok	python.native.ffi.UpcallBoundaryCostTest	Upcall boundary cost	Python-driven (timed inside Python)	upcall to Kotlin	542.84	ns	10000	MacOS 26.5.1 (aarch64) / JVM 21.0.12	958c0082b294	false
desktop	2	ok	python.native.ffi.UpcallBoundaryCostTest	Upcall boundary cost	Python-driven (timed inside Python)	upcall net of loop	534.16	ns	10000	MacOS 26.5.1 (aarch64) / JVM 21.0.12	958c0082b294	false
desktop	2	ok	python.native.ffi.UpcallBoundaryCostTest	Upcall boundary cost	Python-driven (timed inside Python)	upcall net of a Python call	516.75	ns	10000	MacOS 26.5.1 (aarch64) / JVM 21.0.12	958c0082b294	false
desktop	2	ok	python.native.ffi.UpcallBoundaryCostTest	Upcall boundary cost	Comparison basis, same run (timed inside Kotlin)	Py_IncRef + Py_DecRef (2 downcalls, a GIL scope each)	257.99	ns	10000	MacOS 26.5.1 (aarch64) / JVM 21.0.12	958c0082b294	false
desktop	2	ok	python.native.ffi.UpcallBoundaryCostTest	Upcall boundary cost	Comparison basis, same run (timed inside Kotlin)	PyObject_CallObject on a Python def (downcall, same shape)	265.81	ns	10000	MacOS 26.5.1 (aarch64) / JVM 21.0.12	958c0082b294	false
desktop	2	ok	python.native.ffi.UpcallBoundaryCostTest	Upcall boundary cost	Comparison basis, same run (timed inside Kotlin)	UpcallTrampoline.invoke from Kotlin (no shim, no boundary)	171.62	ns	10000	MacOS 26.5.1 (aarch64) / JVM 21.0.12	958c0082b294	false
desktop	2	ok	python.native.ffi.UpcallBoundaryCostTest	Upcall boundary cost	Comparison basis, same run (timed inside Kotlin)	...the same, with the GIL already held by the caller	97.95	ns	10000	MacOS 26.5.1 (aarch64) / JVM 21.0.12	958c0082b294	false
desktop	2	ok	python.native.ffi.UpcallBoundaryCostTest	Upcall boundary cost	Comparison basis, same run (timed inside Kotlin)	...Python3.withPython { } with nothing in it, for scale	52.32	ns	10000	MacOS 26.5.1 (aarch64) / JVM 21.0.12	958c0082b294	false
desktop	2	ok	python.native.ffi.UpcallBoundaryCostTest	Upcall boundary cost	Ratios	upcall / downcall of the same shape	2.04	x	10000	MacOS 26.5.1 (aarch64) / JVM 21.0.12	958c0082b294	false
desktop	2	ok	python.native.ffi.UpcallBoundaryCostTest	Upcall boundary cost	Ratios	upcall / trampoline alone, caller holding nothing	3.16	x	10000	MacOS 26.5.1 (aarch64) / JVM 21.0.12	958c0082b294	false
desktop	2	ok	python.native.ffi.UpcallBoundaryCostTest	Upcall boundary cost	Ratios	upcall / trampoline alone, GIL held (what the shim adds)	5.54	x	10000	MacOS 26.5.1 (aarch64) / JVM 21.0.12	958c0082b294	false
iosSimulatorArm64	2	ok	python.multiplatform.overhead.BenchmarkTest	Benchmark.printReport		NativePointer.toRawValue()	50.58	ns	1000000		958c0082b294	false
iosSimulatorArm64	2	ok	python.multiplatform.overhead.BenchmarkTest	Benchmark.printReport		NativePointer.toAddressValue()	56.84	ns	1000000		958c0082b294	false
iosSimulatorArm64	2	ok	python.multiplatform.overhead.BenchmarkTest	Benchmark.printReport		AddressValue.toNativePointer()	65.1	ns	1000000		958c0082b294	false
iosSimulatorArm64	2	ok	python.multiplatform.overhead.BenchmarkTest	Benchmark.printReport		Py_IncRef/Py_DecRef	1525.59	ns	1000000		958c0082b294	false
iosSimulatorArm64	2	ok	python.multiplatform.overhead.BenchmarkTest	Benchmark.printReport		PyUnicode_FromString (8 chars)	3338.51	ns	10000		958c0082b294	false
iosSimulatorArm64	2	ok	python.multiplatform.overhead.BenchmarkTest	Benchmark.printReport		PyUnicode_AsUTF8 (8 chars)	978.32	ns	10000		958c0082b294	false
iosSimulatorArm64	2	ok	python.multiplatform.overhead.BenchmarkTest	Benchmark.printReport		PyUnicode_FromString (256 chars)	30954.59	ns	10000		958c0082b294	false
iosSimulatorArm64	2	ok	python.multiplatform.overhead.BenchmarkTest	Benchmark.printReport		PyUnicode_AsUTF8 (256 chars)	4215.35	ns	10000		958c0082b294	false
iosSimulatorArm64	2	ok	python.multiplatform.overhead.BenchmarkTest	Benchmark.printReport		PyUnicode_FromString (8192 chars)	889250.68	ns	10000		958c0082b294	false
iosSimulatorArm64	2	ok	python.multiplatform.overhead.BenchmarkTest	Benchmark.printReport		PyUnicode_AsUTF8 (8192 chars)	107813.46	ns	10000		958c0082b294	false
iosSimulatorArm64	2	ok	python.multiplatform.overhead.BenchmarkTest	Benchmark.printReport		PyLong_FromLongLong	1528.38	ns	100000		958c0082b294	false
iosSimulatorArm64	2	ok	python.multiplatform.overhead.BenchmarkTest	Benchmark.printReport		PyLong_AsLongLong	766.84	ns	100000		958c0082b294	false
iosSimulatorArm64	2	ok	python.multiplatform.overhead.BenchmarkTest	Benchmark.printReport		Manual IncRef/DecRef	1534.58	ns	100000		958c0082b294	false
iosSimulatorArm64	2	ok	python.multiplatform.overhead.BenchmarkTest	Benchmark.printReport		PyObject wrapper creation	1927.48	ns	100000		958c0082b294	false
iosSimulatorArm64	2	ok	python.multiplatform.overhead.BenchmarkTest	Benchmark.printReport		PyObject_GetAttrString	3362.83	ns	10000		958c0082b294	false
iosSimulatorArm64	2	ok	python.multiplatform.reflection.UpcallOverheadTest	Benchmark.printReport		UpcallTable.resolve(name) [200 entries]	140.68	ns	1000000		958c0082b294	false
iosSimulatorArm64	2	ok	python.multiplatform.reflection.UpcallOverheadTest	Benchmark.printReport		UpcallTable.invoke(handle, args)	236.55	ns	1000000		958c0082b294	false
iosSimulatorArm64	2	ok	python.multiplatform.reflection.UpcallOverheadTest	Benchmark.printReport		UpcallTable.invokeByName(name, args)	298.49	ns	1000000		958c0082b294	false
iosSimulatorArm64	2	ok	python.multiplatform.reflection.UpcallOverheadTest	Benchmark.printReport		arrayOf(1L) allocation + boxing	67.25	ns	1000000		958c0082b294	false
iosSimulatorArm64	2	ok	python.multiplatform.reflection.UpcallOverheadTest	Benchmark.printReport		invoke with a pre-built args array	173.09	ns	1000000		958c0082b294	false
iosSimulatorArm64	2	ok	python.multiplatform.reflection.UpcallOverheadTest	Benchmark.printReport		direct Kotlin call (floor)	15.02	ns	1000000		958c0082b294	false
iosSimulatorArm64	2	ok	python.multiplatform.reflection.UpcallOverheadTest	Benchmark.printReport		HandleTable.resolve(handle)	111.53	ns	1000000		958c0082b294	false
iosSimulatorArm64	2	ok	python.multiplatform.reflection.UpcallOverheadTest	Benchmark.printReport		HandleTable.register + release	618.43	ns	500000		958c0082b294	false
iosSimulatorArm64	2	ok	python.multiplatform.ffi.upcall.GeneratedProxyCostTest	Generated proxy cost	Raw figures (timed inside Python, one shared loop)	empty Python function (the harness floor)	28.19	ns		iOS 26.2 (SDK 260200, arm64) / Native	958c0082b294	false
iosSimulatorArm64	2	ok	python.multiplatform.ffi.upcall.GeneratedProxyCostTest	Generated proxy cost	Raw figures (timed inside Python, one shared loop)	plain.x            pure Python, no boundary	32.32	ns		iOS 26.2 (SDK 260200, arm64) / Native	958c0082b294	false
iosSimulatorArm64	2	ok	python.multiplatform.ffi.upcall.GeneratedProxyCostTest	Generated proxy cost	Raw figures (timed inside Python, one shared loop)	plain.p            pure Python @property, no boundary	43.77	ns		iOS 26.2 (SDK 260200, arm64) / Native	958c0082b294	false
iosSimulatorArm64	2	ok	python.multiplatform.ffi.upcall.GeneratedProxyCostTest	Generated proxy cost	Raw figures (timed inside Python, one shared loop)	_pm_invoke(h, ())                        raw boundary, arity 0	1816.24	ns		iOS 26.2 (SDK 260200, arm64) / Native	958c0082b294	false
iosSimulatorArm64	2	ok	python.multiplatform.ffi.upcall.GeneratedProxyCostTest	Generated proxy cost	Raw figures (timed inside Python, one shared loop)	demo.calc.ping()                          module function proxy	1822.69	ns		iOS 26.2 (SDK 260200, arm64) / Native	958c0082b294	false
iosSimulatorArm64	2	ok	python.multiplatform.ffi.upcall.GeneratedProxyCostTest	Generated proxy cost	Raw figures (timed inside Python, one shared loop)	_pm_release(_pm_invoke(h, (10,)))        raw boundary + release	3544.44	ns		iOS 26.2 (SDK 260200, arm64) / Native	958c0082b294	false
iosSimulatorArm64	2	ok	python.multiplatform.ffi.upcall.GeneratedProxyCostTest	Generated proxy cost	Raw figures (timed inside Python, one shared loop)	Counter(10)                               constructor proxy	3839.31	ns		iOS 26.2 (SDK 260200, arm64) / Native	958c0082b294	false
iosSimulatorArm64	2	ok	python.multiplatform.ffi.upcall.GeneratedProxyCostTest	Generated proxy cost	Raw figures (timed inside Python, one shared loop)	_pm_invoke(h, (self, 5))                 raw boundary	2858.65	ns		iOS 26.2 (SDK 260200, arm64) / Native	958c0082b294	false
iosSimulatorArm64	2	ok	python.multiplatform.ffi.upcall.GeneratedProxyCostTest	Generated proxy cost	Raw figures (timed inside Python, one shared loop)	c.increment(5)                            instance method proxy	2877.34	ns		iOS 26.2 (SDK 260200, arm64) / Native	958c0082b294	false
iosSimulatorArm64	2	ok	python.multiplatform.ffi.upcall.GeneratedProxyCostTest	Generated proxy cost	Raw figures (timed inside Python, one shared loop)	_pm_invoke(h, (self,))                   raw boundary	2466.5	ns		iOS 26.2 (SDK 260200, arm64) / Native	958c0082b294	false
iosSimulatorArm64	2	ok	python.multiplatform.ffi.upcall.GeneratedProxyCostTest	Generated proxy cost	Raw figures (timed inside Python, one shared loop)	c.value                                   property read (descriptor)	2484.14	ns		iOS 26.2 (SDK 260200, arm64) / Native	958c0082b294	false
iosSimulatorArm64	2	ok	python.multiplatform.ffi.upcall.GeneratedProxyCostTest	Generated proxy cost	Raw figures (timed inside Python, one shared loop)	_pm_invoke(h, (self, 'x'))               raw boundary	2809.5	ns		iOS 26.2 (SDK 260200, arm64) / Native	958c0082b294	false
iosSimulatorArm64	2	ok	python.multiplatform.ffi.upcall.GeneratedProxyCostTest	Generated proxy cost	Raw figures (timed inside Python, one shared loop)	c.label = 'x'                             property write (descriptor)	2897.04	ns		iOS 26.2 (SDK 260200, arm64) / Native	958c0082b294	false
iosSimulatorArm64	2	ok	python.multiplatform.ffi.upcall.GeneratedProxyCostTest	Generated proxy cost	Raw figures (timed inside Python, one shared loop)	_pm_invoke(h, ())                        raw boundary, arity 0 again	1830.55	ns		iOS 26.2 (SDK 260200, arm64) / Native	958c0082b294	false
iosSimulatorArm64	2	ok	python.multiplatform.ffi.upcall.GeneratedProxyCostTest	Generated proxy cost	Raw figures (timed inside Python, one shared loop)	_pm_invoke(h, (12,))                     raw boundary	2178.61	ns		iOS 26.2 (SDK 260200, arm64) / Native	958c0082b294	false
iosSimulatorArm64	2	ok	python.multiplatform.ffi.upcall.GeneratedProxyCostTest	Generated proxy cost	Raw figures (timed inside Python, one shared loop)	Counter.created                           static read (metaclass)	1887.52	ns		iOS 26.2 (SDK 260200, arm64) / Native	958c0082b294	false
iosSimulatorArm64	2	ok	python.multiplatform.ffi.upcall.GeneratedProxyCostTest	Generated proxy cost	Raw figures (timed inside Python, one shared loop)	Counter.created = 12                      static write (metaclass)	2257.21	ns		iOS 26.2 (SDK 260200, arm64) / Native	958c0082b294	false
iosSimulatorArm64	2	ok	python.multiplatform.ffi.upcall.GeneratedProxyCostTest	Generated proxy cost	Raw figures (timed inside Python, one shared loop)	demo.calc.tally                           top-level read (module type)	1887.72	ns		iOS 26.2 (SDK 260200, arm64) / Native	958c0082b294	false
iosSimulatorArm64	2	ok	python.multiplatform.ffi.upcall.GeneratedProxyCostTest	Generated proxy cost	Raw figures (timed inside Python, one shared loop)	demo.calc.tally = 9                       top-level write (module type)	2261.64	ns		iOS 26.2 (SDK 260200, arm64) / Native	958c0082b294	false
iosSimulatorArm64	2	ok	python.multiplatform.ffi.upcall.GeneratedProxyCostTest	Generated proxy cost	Pure-Python floors, net of the harness (no boundary anywhere in these)	plain attribute read	4.12	ns		iOS 26.2 (SDK 260200, arm64) / Native	958c0082b294	false
iosSimulatorArm64	2	ok	python.multiplatform.ffi.upcall.GeneratedProxyCostTest	Generated proxy cost	Pure-Python floors, net of the harness (no boundary anywhere in these)	@property read	15.58	ns		iOS 26.2 (SDK 260200, arm64) / Native	958c0082b294	false
iosSimulatorArm64	2	ok	python.multiplatform.ffi.upcall.GeneratedProxyCostTest	Generated proxy cost	Pure-Python floors, net of the harness (no boundary anywhere in these)	the descriptor itself costs	11.45	ns		iOS 26.2 (SDK 260200, arm64) / Native	958c0082b294	false
iosSimulatorArm64	2	ok	python.multiplatform.ffi.upcall.GeneratedProxyCostTest	Generated proxy cost, await fast path		_pm_invoke(h, (21,)) inside the coroutine, no await	3026.97	ns		iOS 26.2 (SDK 260200, arm64) / Native	958c0082b294	false
iosSimulatorArm64	2	ok	python.multiplatform.ffi.upcall.GeneratedProxyCostTest	Generated proxy cost, await fast path		await a pure-Python coroutine that never suspends	84.76	ns		iOS 26.2 (SDK 260200, arm64) / Native	958c0082b294	false
iosSimulatorArm64	2	ok	python.multiplatform.ffi.upcall.GeneratedProxyCostTest	Generated proxy cost, await fast path		await demo.calc.doubleNow(21)   generated async def, fast path	3187.84	ns		iOS 26.2 (SDK 260200, arm64) / Native	958c0082b294	false
iosSimulatorArm64	2	ok	python.multiplatform.ffi.upcall.GeneratedProxyCostTest	Generated proxy cost, await fast path		await proxy / raw boundary in the same loop	1.05	x		iOS 26.2 (SDK 260200, arm64) / Native	958c0082b294	false
iosSimulatorArm64	2	ok	python.multiplatform.ffi.upcall.GeneratedProxyCostTest	Generated proxy cost, await fast path		what the async def wrapper adds	160.87	ns		iOS 26.2 (SDK 260200, arm64) / Native	958c0082b294	false
iosSimulatorArm64	2	ok	python.multiplatform.ffi.upcall.GeneratedProxyCostTest	Generated proxy install cost		PythonProxySource.render()      Kotlin string building only	626.41	us		iOS 26.2 (SDK 260200, arm64) / Native	958c0082b294	false
iosSimulatorArm64	2	ok	python.multiplatform.ffi.upcall.GeneratedProxyCostTest	Generated proxy install cost		PythonProxySource.install()     render + Python3.exec	3293.42	us		iOS 26.2 (SDK 260200, arm64) / Native	958c0082b294	false
iosSimulatorArm64	2	ok	python.multiplatform.ffi.upcall.GeneratedProxyCostTest	Generated proxy install cost		...of which Python3.exec	2667.01	us		iOS 26.2 (SDK 260200, arm64) / Native	958c0082b294	false
iosSimulatorArm64	2	ok	python.native.ffi.UpcallBoundaryCostTest	Upcall boundary cost	Python-driven (timed inside Python)	empty Python loop	9.84	ns	10000	iOS 26.2 (SDK 260200, arm64) / Native	958c0082b294	false
iosSimulatorArm64	2	ok	python.native.ffi.UpcallBoundaryCostTest	Upcall boundary cost	Python-driven (timed inside Python)	pure-Python callee, same shape	36.8	ns	10000	iOS 26.2 (SDK 260200, arm64) / Native	958c0082b294	false
iosSimulatorArm64	2	ok	python.native.ffi.UpcallBoundaryCostTest	Upcall boundary cost	Python-driven (timed inside Python)	upcall to Kotlin	2259.28	ns	10000	iOS 26.2 (SDK 260200, arm64) / Native	958c0082b294	false
iosSimulatorArm64	2	ok	python.native.ffi.UpcallBoundaryCostTest	Upcall boundary cost	Python-driven (timed inside Python)	upcall net of loop	2249.43	ns	10000	iOS 26.2 (SDK 260200, arm64) / Native	958c0082b294	false
iosSimulatorArm64	2	ok	python.native.ffi.UpcallBoundaryCostTest	Upcall boundary cost	Python-driven (timed inside Python)	upcall net of a Python call	2222.48	ns	10000	iOS 26.2 (SDK 260200, arm64) / Native	958c0082b294	false
iosSimulatorArm64	2	ok	python.native.ffi.UpcallBoundaryCostTest	Upcall boundary cost	Comparison basis, same run (timed inside Kotlin)	Py_IncRef + Py_DecRef (2 downcalls, a GIL scope each)	1488.64	ns	10000	iOS 26.2 (SDK 260200, arm64) / Native	958c0082b294	false
iosSimulatorArm64	2	ok	python.native.ffi.UpcallBoundaryCostTest	Upcall boundary cost	Comparison basis, same run (timed inside Kotlin)	PyObject_CallObject on a Python def (downcall, same shape)	1585.46	ns	10000	iOS 26.2 (SDK 260200, arm64) / Native	958c0082b294	false
iosSimulatorArm64	2	ok	python.native.ffi.UpcallBoundaryCostTest	Upcall boundary cost	Comparison basis, same run (timed inside Kotlin)	UpcallTrampoline.invoke from Kotlin (no shim, no boundary)	2797.86	ns	10000	iOS 26.2 (SDK 260200, arm64) / Native	958c0082b294	false
iosSimulatorArm64	2	ok	python.native.ffi.UpcallBoundaryCostTest	Upcall boundary cost	Comparison basis, same run (timed inside Kotlin)	...the same, with the GIL already held by the caller	1948.58	ns	10000	iOS 26.2 (SDK 260200, arm64) / Native	958c0082b294	false
iosSimulatorArm64	2	ok	python.native.ffi.UpcallBoundaryCostTest	Upcall boundary cost	Comparison basis, same run (timed inside Kotlin)	...Python3.withPython { } with nothing in it, for scale	701.18	ns	10000	iOS 26.2 (SDK 260200, arm64) / Native	958c0082b294	false
iosSimulatorArm64	2	ok	python.native.ffi.UpcallBoundaryCostTest	Upcall boundary cost	Ratios	upcall / downcall of the same shape	1.42	x	10000	iOS 26.2 (SDK 260200, arm64) / Native	958c0082b294	false
iosSimulatorArm64	2	ok	python.native.ffi.UpcallBoundaryCostTest	Upcall boundary cost	Ratios	upcall / trampoline alone, caller holding nothing	0.8	x	10000	iOS 26.2 (SDK 260200, arm64) / Native	958c0082b294	false
iosSimulatorArm64	2	ok	python.native.ffi.UpcallBoundaryCostTest	Upcall boundary cost	Ratios	upcall / trampoline alone, GIL held (what the shim adds)	1.15	x	10000	iOS 26.2 (SDK 260200, arm64) / Native	958c0082b294	false
wasmJs	2	ok	python.multiplatform.overhead.BenchmarkTest	Benchmark.printReport		NativePointer.toRawValue()	14.42	ns	1000000		958c0082b294	false
wasmJs	2	ok	python.multiplatform.overhead.BenchmarkTest	Benchmark.printReport		NativePointer.toAddressValue()	14.45	ns	1000000		958c0082b294	false
wasmJs	2	ok	python.multiplatform.overhead.BenchmarkTest	Benchmark.printReport		AddressValue.toNativePointer()	6.35	ns	1000000		958c0082b294	false
wasmJs	2	ok	python.multiplatform.overhead.BenchmarkTest	Benchmark.printReport		Py_IncRef/Py_DecRef	47.5	ns	1000000		958c0082b294	false
wasmJs	2	ok	python.multiplatform.overhead.BenchmarkTest	Benchmark.printReport		PyUnicode_FromString (8 chars)	101.55	ns	10000		958c0082b294	false
wasmJs	2	ok	python.multiplatform.overhead.BenchmarkTest	Benchmark.printReport		PyUnicode_AsUTF8 (8 chars)	58.53	ns	10000		958c0082b294	false
wasmJs	2	ok	python.multiplatform.overhead.BenchmarkTest	Benchmark.printReport		PyUnicode_FromString (256 chars)	753.78	ns	10000		958c0082b294	false
wasmJs	2	ok	python.multiplatform.overhead.BenchmarkTest	Benchmark.printReport		PyUnicode_AsUTF8 (256 chars)	433.79	ns	10000		958c0082b294	false
wasmJs	2	ok	python.multiplatform.overhead.BenchmarkTest	Benchmark.printReport		PyUnicode_FromString (8192 chars)	30780.56	ns	10000		958c0082b294	false
wasmJs	2	ok	python.multiplatform.overhead.BenchmarkTest	Benchmark.printReport		PyUnicode_AsUTF8 (8192 chars)	11369.47	ns	10000		958c0082b294	false
wasmJs	2	ok	python.multiplatform.overhead.BenchmarkTest	Benchmark.printReport		PyLong_FromLongLong	57.5	ns	100000		958c0082b294	false
wasmJs	2	ok	python.multiplatform.overhead.BenchmarkTest	Benchmark.printReport		PyLong_AsLongLong	26.96	ns	100000		958c0082b294	false
wasmJs	2	ok	python.multiplatform.overhead.BenchmarkTest	Benchmark.printReport		Manual IncRef/DecRef	44.48	ns	100000		958c0082b294	false
wasmJs	2	ok	python.multiplatform.overhead.BenchmarkTest	Benchmark.printReport		PyObject wrapper creation	278.76	ns	100000		958c0082b294	false
wasmJs	2	ok	python.multiplatform.overhead.BenchmarkTest	Benchmark.printReport		PyObject_GetAttrString	187.7	ns	10000		958c0082b294	false
wasmJs	2	ok	python.multiplatform.ref.WasmFinalizationTest	Benchmark.printReport		cleaner: registerCleaner + close (the whole hook)	90.21	ns	50000		958c0082b294	false
wasmJs	2	ok	python.multiplatform.ref.WasmFinalizationTest	Benchmark.printReport		cleaner: toJsReference() alone (the externref crossing)	35.38	ns	50000		958c0082b294	false
wasmJs	2	ok	python.multiplatform.reflection.UpcallOverheadTest	Benchmark.printReport		UpcallTable.resolve(name) [200 entries]	35.7	ns	1000000		958c0082b294	false
wasmJs	2	ok	python.multiplatform.reflection.UpcallOverheadTest	Benchmark.printReport		UpcallTable.invoke(handle, args)	41.63	ns	1000000		958c0082b294	false
wasmJs	2	ok	python.multiplatform.reflection.UpcallOverheadTest	Benchmark.printReport		UpcallTable.invokeByName(name, args)	49.09	ns	1000000		958c0082b294	false
wasmJs	2	ok	python.multiplatform.reflection.UpcallOverheadTest	Benchmark.printReport		arrayOf(1L) allocation + boxing	8.66	ns	1000000		958c0082b294	false
wasmJs	2	ok	python.multiplatform.reflection.UpcallOverheadTest	Benchmark.printReport		invoke with a pre-built args array	23.16	ns	1000000		958c0082b294	false
wasmJs	2	ok	python.multiplatform.reflection.UpcallOverheadTest	Benchmark.printReport		direct Kotlin call (floor)	4.57	ns	1000000		958c0082b294	false
wasmJs	2	ok	python.multiplatform.reflection.UpcallOverheadTest	Benchmark.printReport		HandleTable.resolve(handle)	7.73	ns	1000000		958c0082b294	false
wasmJs	2	ok	python.multiplatform.reflection.UpcallOverheadTest	Benchmark.printReport		HandleTable.register + release	57.7	ns	500000		958c0082b294	false
wasmJs	2	ok	python.native.ffi.WasmMarshallingOverheadTest	Benchmark.printReport		marshal: malloc+encodeToByteArray+copy+free (old)	77.0	ns	200000		958c0082b294	false
wasmJs	2	ok	python.native.ffi.WasmMarshallingOverheadTest	Benchmark.printReport		marshal: malloc+free only	13.41	ns	200000		958c0082b294	false
wasmJs	2	ok	python.native.ffi.WasmMarshallingOverheadTest	Benchmark.printReport		marshal: encodeToByteArray only	50.1	ns	200000		958c0082b294	false
wasmJs	2	ok	python.native.ffi.WasmMarshallingOverheadTest	Benchmark.printReport		marshal: Wasm.scratchUtf8	28.44	ns	200000		958c0082b294	false
wasmJs	2	ok	python.native.ffi.WasmMarshallingOverheadTest	Benchmark.printReport		marshal: Wasm.internedUtf8 (hit)	20.71	ns	200000		958c0082b294	false
wasmJs	2	ok	python.native.ffi.WasmMarshallingOverheadTest	Benchmark.printReport		marshal 54-char name: Wasm.scratchUtf8	145.85	ns	200000		958c0082b294	false
wasmJs	2	ok	python.native.ffi.WasmMarshallingOverheadTest	Benchmark.printReport		marshal 54-char name: Wasm.internedUtf8 (hit)	24.96	ns	200000		958c0082b294	false
wasmJs	2	ok	python.native.ffi.WasmMarshallingOverheadTest	Benchmark.printReport		getattr: C string allocated per call (old)	241.35	ns	50000		958c0082b294	false
wasmJs	2	ok	python.native.ffi.WasmMarshallingOverheadTest	Benchmark.printReport		getattr: interned C string (new)	186.85	ns	50000		958c0082b294	false
wasmJs	2	ok	python.native.ffi.WasmMarshallingOverheadTest	Benchmark.printReport		getattr via actual: C string per call (old)	224.79	ns	50000		958c0082b294	false
wasmJs	2	ok	python.native.ffi.WasmMarshallingOverheadTest	Benchmark.printReport		getattr via actual: interned (new)	191.19	ns	50000		958c0082b294	false
wasmJs	2	ok	python.native.ffi.WasmMarshallingOverheadTest	Benchmark.printReport		getattr: scratch C string	193.11	ns	50000		958c0082b294	false
wasmJs	2	ok	python.native.ffi.WasmMarshallingOverheadTest	Benchmark.printReport		marshal 4000 B: malloc+encode+copy+free (old)	14310.89	ns	20000		958c0082b294	false
wasmJs	2	ok	python.native.ffi.WasmMarshallingOverheadTest	Benchmark.printReport		marshal 4000 B: Wasm.scratchUtf8	9425.63	ns	20000		958c0082b294	false
wasmJs	2	ok	python.multiplatform.ffi.upcall.GeneratedProxyCostTest	Generated proxy cost	Raw figures (timed inside Python, one shared loop)	empty Python function (the harness floor)	38.46	ns		Web emscripten (wasm32) / Wasm Kotlin/Wasm	958c0082b294	false
wasmJs	2	ok	python.multiplatform.ffi.upcall.GeneratedProxyCostTest	Generated proxy cost	Raw figures (timed inside Python, one shared loop)	plain.x            pure Python, no boundary	42.73	ns		Web emscripten (wasm32) / Wasm Kotlin/Wasm	958c0082b294	false
wasmJs	2	ok	python.multiplatform.ffi.upcall.GeneratedProxyCostTest	Generated proxy cost	Raw figures (timed inside Python, one shared loop)	plain.p            pure Python @property, no boundary	56.78	ns		Web emscripten (wasm32) / Wasm Kotlin/Wasm	958c0082b294	false
wasmJs	2	ok	python.multiplatform.ffi.upcall.GeneratedProxyCostTest	Generated proxy cost	Raw figures (timed inside Python, one shared loop)	_pm_invoke(h, ())                        raw boundary, arity 0	296.88	ns		Web emscripten (wasm32) / Wasm Kotlin/Wasm	958c0082b294	false
wasmJs	2	ok	python.multiplatform.ffi.upcall.GeneratedProxyCostTest	Generated proxy cost	Raw figures (timed inside Python, one shared loop)	demo.calc.ping()                          module function proxy	313.83	ns		Web emscripten (wasm32) / Wasm Kotlin/Wasm	958c0082b294	false
wasmJs	2	ok	python.multiplatform.ffi.upcall.GeneratedProxyCostTest	Generated proxy cost	Raw figures (timed inside Python, one shared loop)	_pm_release(_pm_invoke(h, (10,)))        raw boundary + release	695.6	ns		Web emscripten (wasm32) / Wasm Kotlin/Wasm	958c0082b294	false
wasmJs	2	ok	python.multiplatform.ffi.upcall.GeneratedProxyCostTest	Generated proxy cost	Raw figures (timed inside Python, one shared loop)	Counter(10)                               constructor proxy	1082.23	ns		Web emscripten (wasm32) / Wasm Kotlin/Wasm	958c0082b294	false
wasmJs	2	ok	python.multiplatform.ffi.upcall.GeneratedProxyCostTest	Generated proxy cost	Raw figures (timed inside Python, one shared loop)	_pm_invoke(h, (self, 5))                 raw boundary	396.93	ns		Web emscripten (wasm32) / Wasm Kotlin/Wasm	958c0082b294	false
wasmJs	2	ok	python.multiplatform.ffi.upcall.GeneratedProxyCostTest	Generated proxy cost	Raw figures (timed inside Python, one shared loop)	c.increment(5)                            instance method proxy	425.69	ns		Web emscripten (wasm32) / Wasm Kotlin/Wasm	958c0082b294	false
wasmJs	2	ok	python.multiplatform.ffi.upcall.GeneratedProxyCostTest	Generated proxy cost	Raw figures (timed inside Python, one shared loop)	_pm_invoke(h, (self,))                   raw boundary	359.48	ns		Web emscripten (wasm32) / Wasm Kotlin/Wasm	958c0082b294	false
wasmJs	2	ok	python.multiplatform.ffi.upcall.GeneratedProxyCostTest	Generated proxy cost	Raw figures (timed inside Python, one shared loop)	c.value                                   property read (descriptor)	387.0	ns		Web emscripten (wasm32) / Wasm Kotlin/Wasm	958c0082b294	false
wasmJs	2	ok	python.multiplatform.ffi.upcall.GeneratedProxyCostTest	Generated proxy cost	Raw figures (timed inside Python, one shared loop)	_pm_invoke(h, (self, 'x'))               raw boundary	427.75	ns		Web emscripten (wasm32) / Wasm Kotlin/Wasm	958c0082b294	false
wasmJs	2	ok	python.multiplatform.ffi.upcall.GeneratedProxyCostTest	Generated proxy cost	Raw figures (timed inside Python, one shared loop)	c.label = 'x'                             property write (descriptor)	511.96	ns		Web emscripten (wasm32) / Wasm Kotlin/Wasm	958c0082b294	false
wasmJs	2	ok	python.multiplatform.ffi.upcall.GeneratedProxyCostTest	Generated proxy cost	Raw figures (timed inside Python, one shared loop)	_pm_invoke(h, ())                        raw boundary, arity 0 again	295.21	ns		Web emscripten (wasm32) / Wasm Kotlin/Wasm	958c0082b294	false
wasmJs	2	ok	python.multiplatform.ffi.upcall.GeneratedProxyCostTest	Generated proxy cost	Raw figures (timed inside Python, one shared loop)	_pm_invoke(h, (12,))                     raw boundary	322.85	ns		Web emscripten (wasm32) / Wasm Kotlin/Wasm	958c0082b294	false
wasmJs	2	ok	python.multiplatform.ffi.upcall.GeneratedProxyCostTest	Generated proxy cost	Raw figures (timed inside Python, one shared loop)	Counter.created                           static read (metaclass)	377.32	ns		Web emscripten (wasm32) / Wasm Kotlin/Wasm	958c0082b294	false
wasmJs	2	ok	python.multiplatform.ffi.upcall.GeneratedProxyCostTest	Generated proxy cost	Raw figures (timed inside Python, one shared loop)	Counter.created = 12                      static write (metaclass)	434.32	ns		Web emscripten (wasm32) / Wasm Kotlin/Wasm	958c0082b294	false
wasmJs	2	ok	python.multiplatform.ffi.upcall.GeneratedProxyCostTest	Generated proxy cost	Raw figures (timed inside Python, one shared loop)	demo.calc.tally                           top-level read (module type)	393.69	ns		Web emscripten (wasm32) / Wasm Kotlin/Wasm	958c0082b294	false
wasmJs	2	ok	python.multiplatform.ffi.upcall.GeneratedProxyCostTest	Generated proxy cost	Raw figures (timed inside Python, one shared loop)	demo.calc.tally = 9                       top-level write (module type)	427.58	ns		Web emscripten (wasm32) / Wasm Kotlin/Wasm	958c0082b294	false
wasmJs	2	ok	python.multiplatform.ffi.upcall.GeneratedProxyCostTest	Generated proxy cost	Pure-Python floors, net of the harness (no boundary anywhere in these)	plain attribute read	4.26	ns		Web emscripten (wasm32) / Wasm Kotlin/Wasm	958c0082b294	false
wasmJs	2	ok	python.multiplatform.ffi.upcall.GeneratedProxyCostTest	Generated proxy cost	Pure-Python floors, net of the harness (no boundary anywhere in these)	@property read	18.32	ns		Web emscripten (wasm32) / Wasm Kotlin/Wasm	958c0082b294	false
wasmJs	2	ok	python.multiplatform.ffi.upcall.GeneratedProxyCostTest	Generated proxy cost	Pure-Python floors, net of the harness (no boundary anywhere in these)	the descriptor itself costs	14.05	ns		Web emscripten (wasm32) / Wasm Kotlin/Wasm	958c0082b294	false
wasmJs	2	ok	python.multiplatform.ffi.upcall.GeneratedProxyCostTest	Generated proxy install cost		PythonProxySource.render()      Kotlin string building only	189.51	us		Web emscripten (wasm32) / Wasm Kotlin/Wasm	958c0082b294	false
wasmJs	2	ok	python.multiplatform.ffi.upcall.GeneratedProxyCostTest	Generated proxy install cost		PythonProxySource.install()     render + Python3.exec	2040.22	us		Web emscripten (wasm32) / Wasm Kotlin/Wasm	958c0082b294	false
wasmJs	2	ok	python.multiplatform.ffi.upcall.GeneratedProxyCostTest	Generated proxy install cost		...of which Python3.exec	1850.71	us		Web emscripten (wasm32) / Wasm Kotlin/Wasm	958c0082b294	false
wasmJs	2	ok	python.native.ffi.UpcallBoundaryCostTest	Upcall boundary cost	Python-driven (timed inside Python)	empty Python loop	14.74	ns	10000	Web emscripten (wasm32) / Wasm Kotlin/Wasm	958c0082b294	false
wasmJs	2	ok	python.native.ffi.UpcallBoundaryCostTest	Upcall boundary cost	Python-driven (timed inside Python)	pure-Python callee, same shape	48.43	ns	10000	Web emscripten (wasm32) / Wasm Kotlin/Wasm	958c0082b294	false
wasmJs	2	ok	python.native.ffi.UpcallBoundaryCostTest	Upcall boundary cost	Python-driven (timed inside Python)	upcall to Kotlin	303.3	ns	10000	Web emscripten (wasm32) / Wasm Kotlin/Wasm	958c0082b294	false
wasmJs	2	ok	python.native.ffi.UpcallBoundaryCostTest	Upcall boundary cost	Python-driven (timed inside Python)	upcall net of loop	288.56	ns	10000	Web emscripten (wasm32) / Wasm Kotlin/Wasm	958c0082b294	false
wasmJs	2	ok	python.native.ffi.UpcallBoundaryCostTest	Upcall boundary cost	Python-driven (timed inside Python)	upcall net of a Python call	254.87	ns	10000	Web emscripten (wasm32) / Wasm Kotlin/Wasm	958c0082b294	false
wasmJs	2	ok	python.native.ffi.UpcallBoundaryCostTest	Upcall boundary cost	Comparison basis, same run (timed inside Kotlin)	Py_IncRef + Py_DecRef (2 downcalls, a GIL scope each)	45.23	ns	10000	Web emscripten (wasm32) / Wasm Kotlin/Wasm	958c0082b294	false
wasmJs	2	ok	python.native.ffi.UpcallBoundaryCostTest	Upcall boundary cost	Comparison basis, same run (timed inside Kotlin)	PyObject_CallObject on a Python def (downcall, same shape)	96.53	ns	10000	Web emscripten (wasm32) / Wasm Kotlin/Wasm	958c0082b294	false
wasmJs	2	ok	python.native.ffi.UpcallBoundaryCostTest	Upcall boundary cost	Comparison basis, same run (timed inside Kotlin)	UpcallTrampoline.invoke from Kotlin (no shim, no boundary)	151.05	ns	10000	Web emscripten (wasm32) / Wasm Kotlin/Wasm	958c0082b294	false
wasmJs	2	ok	python.native.ffi.UpcallBoundaryCostTest	Upcall boundary cost	Comparison basis, same run (timed inside Kotlin)	...the same, with the GIL already held by the caller	123.15	ns	10000	Web emscripten (wasm32) / Wasm Kotlin/Wasm	958c0082b294	false
wasmJs	2	ok	python.native.ffi.UpcallBoundaryCostTest	Upcall boundary cost	Comparison basis, same run (timed inside Kotlin)	...Python3.withPython { } with nothing in it, for scale	25.0	ns	10000	Web emscripten (wasm32) / Wasm Kotlin/Wasm	958c0082b294	false
wasmJs	2	ok	python.native.ffi.UpcallBoundaryCostTest	Upcall boundary cost	Ratios	upcall / downcall of the same shape	3.14	x	10000	Web emscripten (wasm32) / Wasm Kotlin/Wasm	958c0082b294	false
wasmJs	2	ok	python.native.ffi.UpcallBoundaryCostTest	Upcall boundary cost	Ratios	upcall / trampoline alone, caller holding nothing	2.0	x	10000	Web emscripten (wasm32) / Wasm Kotlin/Wasm	958c0082b294	false
wasmJs	2	ok	python.native.ffi.UpcallBoundaryCostTest	Upcall boundary cost	Ratios	upcall / trampoline alone, GIL held (what the shim adds)	2.46	x	10000	Web emscripten (wasm32) / Wasm Kotlin/Wasm	958c0082b294	false
androidNativeArm64	2	ok	python.multiplatform.overhead.BenchmarkTest	Benchmark.printReport		NativePointer.toRawValue()	69.11	ns	1000000		958c0082b294	false
androidNativeArm64	2	ok	python.multiplatform.overhead.BenchmarkTest	Benchmark.printReport		NativePointer.toAddressValue()	83.98	ns	1000000		958c0082b294	false
androidNativeArm64	2	ok	python.multiplatform.overhead.BenchmarkTest	Benchmark.printReport		AddressValue.toNativePointer()	95.75	ns	1000000		958c0082b294	false
androidNativeArm64	2	ok	python.multiplatform.overhead.BenchmarkTest	Benchmark.printReport		Py_IncRef/Py_DecRef	2080.61	ns	1000000		958c0082b294	false
androidNativeArm64	2	ok	python.multiplatform.overhead.BenchmarkTest	Benchmark.printReport		PyUnicode_FromString (8 chars)	4419.55	ns	10000		958c0082b294	false
androidNativeArm64	2	ok	python.multiplatform.overhead.BenchmarkTest	Benchmark.printReport		PyUnicode_AsUTF8 (8 chars)	1226.12	ns	10000		958c0082b294	false
androidNativeArm64	2	ok	python.multiplatform.overhead.BenchmarkTest	Benchmark.printReport		PyUnicode_FromString (256 chars)	40420.42	ns	10000		958c0082b294	false
androidNativeArm64	2	ok	python.multiplatform.overhead.BenchmarkTest	Benchmark.printReport		PyUnicode_AsUTF8 (256 chars)	4947.61	ns	10000		958c0082b294	false
androidNativeArm64	2	ok	python.multiplatform.overhead.BenchmarkTest	Benchmark.printReport		PyUnicode_FromString (8192 chars)	1182340.92	ns	10000		958c0082b294	false
androidNativeArm64	2	ok	python.multiplatform.overhead.BenchmarkTest	Benchmark.printReport		PyUnicode_AsUTF8 (8192 chars)	122345.69	ns	10000		958c0082b294	false
androidNativeArm64	2	ok	python.multiplatform.overhead.BenchmarkTest	Benchmark.printReport		PyLong_FromLongLong	2118.88	ns	100000		958c0082b294	false
androidNativeArm64	2	ok	python.multiplatform.overhead.BenchmarkTest	Benchmark.printReport		PyLong_AsLongLong	1044.72	ns	100000		958c0082b294	false
androidNativeArm64	2	ok	python.multiplatform.overhead.BenchmarkTest	Benchmark.printReport		Manual IncRef/DecRef	2068.65	ns	100000		958c0082b294	false
androidNativeArm64	2	ok	python.multiplatform.overhead.BenchmarkTest	Benchmark.printReport		PyObject wrapper creation	2636.53	ns	100000		958c0082b294	false
androidNativeArm64	2	ok	python.multiplatform.overhead.BenchmarkTest	Benchmark.printReport		PyObject_GetAttrString	4414.72	ns	10000		958c0082b294	false
androidNativeArm64	2	ok	python.multiplatform.reflection.UpcallOverheadTest	Benchmark.printReport		UpcallTable.resolve(name) [200 entries]	236.18	ns	1000000		958c0082b294	false
androidNativeArm64	2	ok	python.multiplatform.reflection.UpcallOverheadTest	Benchmark.printReport		UpcallTable.invoke(handle, args)	304.13	ns	1000000		958c0082b294	false
androidNativeArm64	2	ok	python.multiplatform.reflection.UpcallOverheadTest	Benchmark.printReport		UpcallTable.invokeByName(name, args)	431.79	ns	1000000		958c0082b294	false
androidNativeArm64	2	ok	python.multiplatform.reflection.UpcallOverheadTest	Benchmark.printReport		arrayOf(1L) allocation + boxing	77.8	ns	1000000		958c0082b294	false
androidNativeArm64	2	ok	python.multiplatform.reflection.UpcallOverheadTest	Benchmark.printReport		invoke with a pre-built args array	240.92	ns	1000000		958c0082b294	false
androidNativeArm64	2	ok	python.multiplatform.reflection.UpcallOverheadTest	Benchmark.printReport		direct Kotlin call (floor)	15.49	ns	1000000		958c0082b294	false
androidNativeArm64	2	ok	python.multiplatform.reflection.UpcallOverheadTest	Benchmark.printReport		HandleTable.resolve(handle)	157.11	ns	1000000		958c0082b294	false
androidNativeArm64	2	ok	python.multiplatform.reflection.UpcallOverheadTest	Benchmark.printReport		HandleTable.register + release	842.59	ns	500000		958c0082b294	false
androidNativeArm64	2	ok	python.multiplatform.ffi.upcall.GeneratedProxyCostTest	Generated proxy cost	Raw figures (timed inside Python, one shared loop)	empty Python function (the harness floor)	37.62	ns		Android 16 (SDK 36, aarch64) / Native	958c0082b294	false
androidNativeArm64	2	ok	python.multiplatform.ffi.upcall.GeneratedProxyCostTest	Generated proxy cost	Raw figures (timed inside Python, one shared loop)	plain.x            pure Python, no boundary	40.46	ns		Android 16 (SDK 36, aarch64) / Native	958c0082b294	false
androidNativeArm64	2	ok	python.multiplatform.ffi.upcall.GeneratedProxyCostTest	Generated proxy cost	Raw figures (timed inside Python, one shared loop)	plain.p            pure Python @property, no boundary	53.57	ns		Android 16 (SDK 36, aarch64) / Native	958c0082b294	false
androidNativeArm64	2	ok	python.multiplatform.ffi.upcall.GeneratedProxyCostTest	Generated proxy cost	Raw figures (timed inside Python, one shared loop)	_pm_invoke(h, ())                        raw boundary, arity 0	2666.4	ns		Android 16 (SDK 36, aarch64) / Native	958c0082b294	false
androidNativeArm64	2	ok	python.multiplatform.ffi.upcall.GeneratedProxyCostTest	Generated proxy cost	Raw figures (timed inside Python, one shared loop)	demo.calc.ping()                          module function proxy	2676.43	ns		Android 16 (SDK 36, aarch64) / Native	958c0082b294	false
androidNativeArm64	2	ok	python.multiplatform.ffi.upcall.GeneratedProxyCostTest	Generated proxy cost	Raw figures (timed inside Python, one shared loop)	_pm_release(_pm_invoke(h, (10,)))        raw boundary + release	5142.89	ns		Android 16 (SDK 36, aarch64) / Native	958c0082b294	false
androidNativeArm64	2	ok	python.multiplatform.ffi.upcall.GeneratedProxyCostTest	Generated proxy cost	Raw figures (timed inside Python, one shared loop)	Counter(10)                               constructor proxy	5534.72	ns		Android 16 (SDK 36, aarch64) / Native	958c0082b294	false
androidNativeArm64	2	ok	python.multiplatform.ffi.upcall.GeneratedProxyCostTest	Generated proxy cost	Raw figures (timed inside Python, one shared loop)	_pm_invoke(h, (self, 5))                 raw boundary	4266.05	ns		Android 16 (SDK 36, aarch64) / Native	958c0082b294	false
androidNativeArm64	2	ok	python.multiplatform.ffi.upcall.GeneratedProxyCostTest	Generated proxy cost	Raw figures (timed inside Python, one shared loop)	c.increment(5)                            instance method proxy	4280.05	ns		Android 16 (SDK 36, aarch64) / Native	958c0082b294	false
androidNativeArm64	2	ok	python.multiplatform.ffi.upcall.GeneratedProxyCostTest	Generated proxy cost	Raw figures (timed inside Python, one shared loop)	_pm_invoke(h, (self,))                   raw boundary	3659.93	ns		Android 16 (SDK 36, aarch64) / Native	958c0082b294	false
androidNativeArm64	2	ok	python.multiplatform.ffi.upcall.GeneratedProxyCostTest	Generated proxy cost	Raw figures (timed inside Python, one shared loop)	c.value                                   property read (descriptor)	3690.89	ns		Android 16 (SDK 36, aarch64) / Native	958c0082b294	false
androidNativeArm64	2	ok	python.multiplatform.ffi.upcall.GeneratedProxyCostTest	Generated proxy cost	Raw figures (timed inside Python, one shared loop)	_pm_invoke(h, (self, 'x'))               raw boundary	4122.98	ns		Android 16 (SDK 36, aarch64) / Native	958c0082b294	false
androidNativeArm64	2	ok	python.multiplatform.ffi.upcall.GeneratedProxyCostTest	Generated proxy cost	Raw figures (timed inside Python, one shared loop)	c.label = 'x'                             property write (descriptor)	4254.71	ns		Android 16 (SDK 36, aarch64) / Native	958c0082b294	false
androidNativeArm64	2	ok	python.multiplatform.ffi.upcall.GeneratedProxyCostTest	Generated proxy cost	Raw figures (timed inside Python, one shared loop)	_pm_invoke(h, ())                        raw boundary, arity 0 again	2679.07	ns		Android 16 (SDK 36, aarch64) / Native	958c0082b294	false
androidNativeArm64	2	ok	python.multiplatform.ffi.upcall.GeneratedProxyCostTest	Generated proxy cost	Raw figures (timed inside Python, one shared loop)	_pm_invoke(h, (12,))                     raw boundary	3221.32	ns		Android 16 (SDK 36, aarch64) / Native	958c0082b294	false
androidNativeArm64	2	ok	python.multiplatform.ffi.upcall.GeneratedProxyCostTest	Generated proxy cost	Raw figures (timed inside Python, one shared loop)	Counter.created                           static read (metaclass)	2752.9	ns		Android 16 (SDK 36, aarch64) / Native	958c0082b294	false
androidNativeArm64	2	ok	python.multiplatform.ffi.upcall.GeneratedProxyCostTest	Generated proxy cost	Raw figures (timed inside Python, one shared loop)	Counter.created = 12                      static write (metaclass)	3310.59	ns		Android 16 (SDK 36, aarch64) / Native	958c0082b294	false
androidNativeArm64	2	ok	python.multiplatform.ffi.upcall.GeneratedProxyCostTest	Generated proxy cost	Raw figures (timed inside Python, one shared loop)	demo.calc.tally                           top-level read (module type)	2755.05	ns		Android 16 (SDK 36, aarch64) / Native	958c0082b294	false
androidNativeArm64	2	ok	python.multiplatform.ffi.upcall.GeneratedProxyCostTest	Generated proxy cost	Raw figures (timed inside Python, one shared loop)	demo.calc.tally = 9                       top-level write (module type)	3310.72	ns		Android 16 (SDK 36, aarch64) / Native	958c0082b294	false
androidNativeArm64	2	ok	python.multiplatform.ffi.upcall.GeneratedProxyCostTest	Generated proxy cost	Pure-Python floors, net of the harness (no boundary anywhere in these)	plain attribute read	2.83	ns		Android 16 (SDK 36, aarch64) / Native	958c0082b294	false
androidNativeArm64	2	ok	python.multiplatform.ffi.upcall.GeneratedProxyCostTest	Generated proxy cost	Pure-Python floors, net of the harness (no boundary anywhere in these)	@property read	15.94	ns		Android 16 (SDK 36, aarch64) / Native	958c0082b294	false
androidNativeArm64	2	ok	python.multiplatform.ffi.upcall.GeneratedProxyCostTest	Generated proxy cost	Pure-Python floors, net of the harness (no boundary anywhere in these)	the descriptor itself costs	13.11	ns		Android 16 (SDK 36, aarch64) / Native	958c0082b294	false
androidNativeArm64	2	ok	python.multiplatform.ffi.upcall.GeneratedProxyCostTest	Generated proxy cost, await fast path		_pm_invoke(h, (21,)) inside the coroutine, no await	4274.61	ns		Android 16 (SDK 36, aarch64) / Native	958c0082b294	false
androidNativeArm64	2	ok	python.multiplatform.ffi.upcall.GeneratedProxyCostTest	Generated proxy cost, await fast path		await a pure-Python coroutine that never suspends	107.09	ns		Android 16 (SDK 36, aarch64) / Native	958c0082b294	false
androidNativeArm64	2	ok	python.multiplatform.ffi.upcall.GeneratedProxyCostTest	Generated proxy cost, await fast path		await demo.calc.doubleNow(21)   generated async def, fast path	4470.25	ns		Android 16 (SDK 36, aarch64) / Native	958c0082b294	false
androidNativeArm64	2	ok	python.multiplatform.ffi.upcall.GeneratedProxyCostTest	Generated proxy cost, await fast path		await proxy / raw boundary in the same loop	1.04	x		Android 16 (SDK 36, aarch64) / Native	958c0082b294	false
androidNativeArm64	2	ok	python.multiplatform.ffi.upcall.GeneratedProxyCostTest	Generated proxy cost, await fast path		what the async def wrapper adds	195.64	ns		Android 16 (SDK 36, aarch64) / Native	958c0082b294	false
androidNativeArm64	2	ok	python.multiplatform.ffi.upcall.GeneratedProxyCostTest	Generated proxy install cost		PythonProxySource.render()      Kotlin string building only	793.45	us		Android 16 (SDK 36, aarch64) / Native	958c0082b294	false
androidNativeArm64	2	ok	python.multiplatform.ffi.upcall.GeneratedProxyCostTest	Generated proxy install cost		PythonProxySource.install()     render + Python3.exec	4192.05	us		Android 16 (SDK 36, aarch64) / Native	958c0082b294	false
androidNativeArm64	2	ok	python.multiplatform.ffi.upcall.GeneratedProxyCostTest	Generated proxy install cost		...of which Python3.exec	3398.59	us		Android 16 (SDK 36, aarch64) / Native	958c0082b294	false
androidNativeArm64	2	ok	python.native.ffi.UpcallBoundaryCostTest	Upcall boundary cost	Python-driven (timed inside Python)	empty Python loop	17.23	ns	10000	Android 16 (SDK 36, aarch64) / Native	958c0082b294	false
androidNativeArm64	2	ok	python.native.ffi.UpcallBoundaryCostTest	Upcall boundary cost	Python-driven (timed inside Python)	pure-Python callee, same shape	48.85	ns	10000	Android 16 (SDK 36, aarch64) / Native	958c0082b294	false
androidNativeArm64	2	ok	python.native.ffi.UpcallBoundaryCostTest	Upcall boundary cost	Python-driven (timed inside Python)	upcall to Kotlin	3382.66	ns	10000	Android 16 (SDK 36, aarch64) / Native	958c0082b294	false
androidNativeArm64	2	ok	python.native.ffi.UpcallBoundaryCostTest	Upcall boundary cost	Python-driven (timed inside Python)	upcall net of loop	3365.42	ns	10000	Android 16 (SDK 36, aarch64) / Native	958c0082b294	false
androidNativeArm64	2	ok	python.native.ffi.UpcallBoundaryCostTest	Upcall boundary cost	Python-driven (timed inside Python)	upcall net of a Python call	3333.8	ns	10000	Android 16 (SDK 36, aarch64) / Native	958c0082b294	false
androidNativeArm64	2	ok	python.native.ffi.UpcallBoundaryCostTest	Upcall boundary cost	Comparison basis, same run (timed inside Kotlin)	Py_IncRef + Py_DecRef (2 downcalls, a GIL scope each)	2062.48	ns	10000	Android 16 (SDK 36, aarch64) / Native	958c0082b294	false
androidNativeArm64	2	ok	python.native.ffi.UpcallBoundaryCostTest	Upcall boundary cost	Comparison basis, same run (timed inside Kotlin)	PyObject_CallObject on a Python def (downcall, same shape)	2194.26	ns	10000	Android 16 (SDK 36, aarch64) / Native	958c0082b294	false
androidNativeArm64	2	ok	python.native.ffi.UpcallBoundaryCostTest	Upcall boundary cost	Comparison basis, same run (timed inside Kotlin)	UpcallTrampoline.invoke from Kotlin (no shim, no boundary)	4059.27	ns	10000	Android 16 (SDK 36, aarch64) / Native	958c0082b294	false
androidNativeArm64	2	ok	python.native.ffi.UpcallBoundaryCostTest	Upcall boundary cost	Comparison basis, same run (timed inside Kotlin)	...the same, with the GIL already held by the caller	2839.36	ns	10000	Android 16 (SDK 36, aarch64) / Native	958c0082b294	false
androidNativeArm64	2	ok	python.native.ffi.UpcallBoundaryCostTest	Upcall boundary cost	Comparison basis, same run (timed inside Kotlin)	...Python3.withPython { } with nothing in it, for scale	1012.97	ns	10000	Android 16 (SDK 36, aarch64) / Native	958c0082b294	false
androidNativeArm64	2	ok	python.native.ffi.UpcallBoundaryCostTest	Upcall boundary cost	Ratios	upcall / downcall of the same shape	1.54	x	10000	Android 16 (SDK 36, aarch64) / Native	958c0082b294	false
androidNativeArm64	2	ok	python.native.ffi.UpcallBoundaryCostTest	Upcall boundary cost	Ratios	upcall / trampoline alone, caller holding nothing	0.83	x	10000	Android 16 (SDK 36, aarch64) / Native	958c0082b294	false
androidNativeArm64	2	ok	python.native.ffi.UpcallBoundaryCostTest	Upcall boundary cost	Ratios	upcall / trampoline alone, GIL held (what the shim adds)	1.19	x	10000	Android 16 (SDK 36, aarch64) / Native	958c0082b294	false
desktop	3	ok	python.multiplatform.overhead.BenchmarkTest	Benchmark.printReport		PyObject_GetAttrString	190.21	ns	10000		958c0082b294	false
desktop	3	ok	python.multiplatform.overhead.BenchmarkTest	Benchmark.printReport		PyLong_FromLongLong	124.86	ns	100000		958c0082b294	false
desktop	3	ok	python.multiplatform.overhead.BenchmarkTest	Benchmark.printReport		PyLong_AsLongLong	59.11	ns	100000		958c0082b294	false
desktop	3	ok	python.multiplatform.overhead.BenchmarkTest	Benchmark.printReport		Py_IncRef/Py_DecRef	109.81	ns	1000000		958c0082b294	false
desktop	3	ok	python.multiplatform.overhead.BenchmarkTest	Benchmark.printReport		PyUnicode_FromString (8 chars)	185.13	ns	10000		958c0082b294	false
desktop	3	ok	python.multiplatform.overhead.BenchmarkTest	Benchmark.printReport		PyUnicode_AsUTF8 (8 chars)	115.54	ns	10000		958c0082b294	false
desktop	3	ok	python.multiplatform.overhead.BenchmarkTest	Benchmark.printReport		PyUnicode_FromString (256 chars)	252.13	ns	10000		958c0082b294	false
desktop	3	ok	python.multiplatform.overhead.BenchmarkTest	Benchmark.printReport		PyUnicode_AsUTF8 (256 chars)	273.97	ns	10000		958c0082b294	false
desktop	3	ok	python.multiplatform.overhead.BenchmarkTest	Benchmark.printReport		PyUnicode_FromString (8192 chars)	1867.14	ns	10000		958c0082b294	false
desktop	3	ok	python.multiplatform.overhead.BenchmarkTest	Benchmark.printReport		PyUnicode_AsUTF8 (8192 chars)	5308.67	ns	10000		958c0082b294	false
desktop	3	ok	python.multiplatform.overhead.BenchmarkTest	Benchmark.printReport		NativePointer.toRawValue()	2.27	ns	1000000		958c0082b294	false
desktop	3	ok	python.multiplatform.overhead.BenchmarkTest	Benchmark.printReport		NativePointer.toAddressValue()	2.31	ns	1000000		958c0082b294	false
desktop	3	ok	python.multiplatform.overhead.BenchmarkTest	Benchmark.printReport		AddressValue.toNativePointer()	2.3	ns	1000000		958c0082b294	false
desktop	3	ok	python.multiplatform.overhead.BenchmarkTest	Benchmark.printReport		Manual IncRef/DecRef	109.62	ns	100000		958c0082b294	false
desktop	3	ok	python.multiplatform.overhead.BenchmarkTest	Benchmark.printReport		PyObject wrapper creation	199.74	ns	100000		958c0082b294	false
desktop	3	ok	python.multiplatform.reflection.UpcallOverheadTest	Benchmark.printReport		HandleTable.resolve(handle)	8.06	ns	1000000		958c0082b294	false
desktop	3	ok	python.multiplatform.reflection.UpcallOverheadTest	Benchmark.printReport		HandleTable.register + release	29.53	ns	500000		958c0082b294	false
desktop	3	ok	python.multiplatform.reflection.UpcallOverheadTest	Benchmark.printReport		UpcallTable.resolve(name) [200 entries]	9.84	ns	1000000		958c0082b294	false
desktop	3	ok	python.multiplatform.reflection.UpcallOverheadTest	Benchmark.printReport		UpcallTable.invoke(handle, args)	12.56	ns	1000000		958c0082b294	false
desktop	3	ok	python.multiplatform.reflection.UpcallOverheadTest	Benchmark.printReport		UpcallTable.invokeByName(name, args)	14.1	ns	1000000		958c0082b294	false
desktop	3	ok	python.multiplatform.reflection.UpcallOverheadTest	Benchmark.printReport		arrayOf(1L) allocation + boxing	6.44	ns	1000000		958c0082b294	false
desktop	3	ok	python.multiplatform.reflection.UpcallOverheadTest	Benchmark.printReport		invoke with a pre-built args array	8.67	ns	1000000		958c0082b294	false
desktop	3	ok	python.multiplatform.reflection.UpcallOverheadTest	Benchmark.printReport		direct Kotlin call (floor)	2.34	ns	1000000		958c0082b294	false
desktop	3	ok	python.multiplatform.ffi.upcall.GeneratedProxyCostTest	Generated proxy cost	Raw figures (timed inside Python, one shared loop)	empty Python function (the harness floor)	19.96	ns		MacOS 26.5.1 (aarch64) / JVM 21.0.12	958c0082b294	false
desktop	3	ok	python.multiplatform.ffi.upcall.GeneratedProxyCostTest	Generated proxy cost	Raw figures (timed inside Python, one shared loop)	plain.x            pure Python, no boundary	24.42	ns		MacOS 26.5.1 (aarch64) / JVM 21.0.12	958c0082b294	false
desktop	3	ok	python.multiplatform.ffi.upcall.GeneratedProxyCostTest	Generated proxy cost	Raw figures (timed inside Python, one shared loop)	plain.p            pure Python @property, no boundary	31.05	ns		MacOS 26.5.1 (aarch64) / JVM 21.0.12	958c0082b294	false
desktop	3	ok	python.multiplatform.ffi.upcall.GeneratedProxyCostTest	Generated proxy cost	Raw figures (timed inside Python, one shared loop)	_pm_invoke(h, ())                        raw boundary, arity 0	488.0	ns		MacOS 26.5.1 (aarch64) / JVM 21.0.12	958c0082b294	false
desktop	3	ok	python.multiplatform.ffi.upcall.GeneratedProxyCostTest	Generated proxy cost	Raw figures (timed inside Python, one shared loop)	demo.calc.ping()                          module function proxy	503.57	ns		MacOS 26.5.1 (aarch64) / JVM 21.0.12	958c0082b294	false
desktop	3	ok	python.multiplatform.ffi.upcall.GeneratedProxyCostTest	Generated proxy cost	Raw figures (timed inside Python, one shared loop)	_pm_release(_pm_invoke(h, (10,)))        raw boundary + release	803.32	ns		MacOS 26.5.1 (aarch64) / JVM 21.0.12	958c0082b294	false
desktop	3	ok	python.multiplatform.ffi.upcall.GeneratedProxyCostTest	Generated proxy cost	Raw figures (timed inside Python, one shared loop)	Counter(10)                               constructor proxy	996.61	ns		MacOS 26.5.1 (aarch64) / JVM 21.0.12	958c0082b294	false
desktop	3	ok	python.multiplatform.ffi.upcall.GeneratedProxyCostTest	Generated proxy cost	Raw figures (timed inside Python, one shared loop)	_pm_invoke(h, (self, 5))                 raw boundary	562.14	ns		MacOS 26.5.1 (aarch64) / JVM 21.0.12	958c0082b294	false
desktop	3	ok	python.multiplatform.ffi.upcall.GeneratedProxyCostTest	Generated proxy cost	Raw figures (timed inside Python, one shared loop)	c.increment(5)                            instance method proxy	569.73	ns		MacOS 26.5.1 (aarch64) / JVM 21.0.12	958c0082b294	false
desktop	3	ok	python.multiplatform.ffi.upcall.GeneratedProxyCostTest	Generated proxy cost	Raw figures (timed inside Python, one shared loop)	_pm_invoke(h, (self,))                   raw boundary	531.94	ns		MacOS 26.5.1 (aarch64) / JVM 21.0.12	958c0082b294	false
desktop	3	ok	python.multiplatform.ffi.upcall.GeneratedProxyCostTest	Generated proxy cost	Raw figures (timed inside Python, one shared loop)	c.value                                   property read (descriptor)	553.9	ns		MacOS 26.5.1 (aarch64) / JVM 21.0.12	958c0082b294	false
desktop	3	ok	python.multiplatform.ffi.upcall.GeneratedProxyCostTest	Generated proxy cost	Raw figures (timed inside Python, one shared loop)	_pm_invoke(h, (self, 'x'))               raw boundary	545.35	ns		MacOS 26.5.1 (aarch64) / JVM 21.0.12	958c0082b294	false
desktop	3	ok	python.multiplatform.ffi.upcall.GeneratedProxyCostTest	Generated proxy cost	Raw figures (timed inside Python, one shared loop)	c.label = 'x'                             property write (descriptor)	589.75	ns		MacOS 26.5.1 (aarch64) / JVM 21.0.12	958c0082b294	false
desktop	3	ok	python.multiplatform.ffi.upcall.GeneratedProxyCostTest	Generated proxy cost	Raw figures (timed inside Python, one shared loop)	_pm_invoke(h, ())                        raw boundary, arity 0 again	491.01	ns		MacOS 26.5.1 (aarch64) / JVM 21.0.12	958c0082b294	false
desktop	3	ok	python.multiplatform.ffi.upcall.GeneratedProxyCostTest	Generated proxy cost	Raw figures (timed inside Python, one shared loop)	_pm_invoke(h, (12,))                     raw boundary	508.13	ns		MacOS 26.5.1 (aarch64) / JVM 21.0.12	958c0082b294	false
desktop	3	ok	python.multiplatform.ffi.upcall.GeneratedProxyCostTest	Generated proxy cost	Raw figures (timed inside Python, one shared loop)	Counter.created                           static read (metaclass)	510.33	ns		MacOS 26.5.1 (aarch64) / JVM 21.0.12	958c0082b294	false
desktop	3	ok	python.multiplatform.ffi.upcall.GeneratedProxyCostTest	Generated proxy cost	Raw figures (timed inside Python, one shared loop)	Counter.created = 12                      static write (metaclass)	530.66	ns		MacOS 26.5.1 (aarch64) / JVM 21.0.12	958c0082b294	false
desktop	3	ok	python.multiplatform.ffi.upcall.GeneratedProxyCostTest	Generated proxy cost	Raw figures (timed inside Python, one shared loop)	demo.calc.tally                           top-level read (module type)	511.76	ns		MacOS 26.5.1 (aarch64) / JVM 21.0.12	958c0082b294	false
desktop	3	ok	python.multiplatform.ffi.upcall.GeneratedProxyCostTest	Generated proxy cost	Raw figures (timed inside Python, one shared loop)	demo.calc.tally = 9                       top-level write (module type)	543.59	ns		MacOS 26.5.1 (aarch64) / JVM 21.0.12	958c0082b294	false
desktop	3	ok	python.multiplatform.ffi.upcall.GeneratedProxyCostTest	Generated proxy cost	Pure-Python floors, net of the harness (no boundary anywhere in these)	plain attribute read	4.46	ns		MacOS 26.5.1 (aarch64) / JVM 21.0.12	958c0082b294	false
desktop	3	ok	python.multiplatform.ffi.upcall.GeneratedProxyCostTest	Generated proxy cost	Pure-Python floors, net of the harness (no boundary anywhere in these)	@property read	11.09	ns		MacOS 26.5.1 (aarch64) / JVM 21.0.12	958c0082b294	false
desktop	3	ok	python.multiplatform.ffi.upcall.GeneratedProxyCostTest	Generated proxy cost	Pure-Python floors, net of the harness (no boundary anywhere in these)	the descriptor itself costs	6.62	ns		MacOS 26.5.1 (aarch64) / JVM 21.0.12	958c0082b294	false
desktop	3	ok	python.multiplatform.ffi.upcall.GeneratedProxyCostTest	Generated proxy install cost		PythonProxySource.render()      Kotlin string building only	218.77	us		MacOS 26.5.1 (aarch64) / JVM 21.0.12	958c0082b294	false
desktop	3	ok	python.multiplatform.ffi.upcall.GeneratedProxyCostTest	Generated proxy install cost		PythonProxySource.install()     render + Python3.exec	1081.05	us		MacOS 26.5.1 (aarch64) / JVM 21.0.12	958c0082b294	false
desktop	3	ok	python.multiplatform.ffi.upcall.GeneratedProxyCostTest	Generated proxy install cost		...of which Python3.exec	862.27	us		MacOS 26.5.1 (aarch64) / JVM 21.0.12	958c0082b294	false
desktop	3	ok	python.multiplatform.ffi.upcall.GeneratedProxyCostTest	Generated proxy cost, await fast path		_pm_invoke(h, (21,)) inside the coroutine, no await	602.4	ns		MacOS 26.5.1 (aarch64) / JVM 21.0.12	958c0082b294	false
desktop	3	ok	python.multiplatform.ffi.upcall.GeneratedProxyCostTest	Generated proxy cost, await fast path		await a pure-Python coroutine that never suspends	66.59	ns		MacOS 26.5.1 (aarch64) / JVM 21.0.12	958c0082b294	false
desktop	3	ok	python.multiplatform.ffi.upcall.GeneratedProxyCostTest	Generated proxy cost, await fast path		await demo.calc.doubleNow(21)   generated async def, fast path	628.67	ns		MacOS 26.5.1 (aarch64) / JVM 21.0.12	958c0082b294	false
desktop	3	ok	python.multiplatform.ffi.upcall.GeneratedProxyCostTest	Generated proxy cost, await fast path		await proxy / raw boundary in the same loop	1.04	x		MacOS 26.5.1 (aarch64) / JVM 21.0.12	958c0082b294	false
desktop	3	ok	python.multiplatform.ffi.upcall.GeneratedProxyCostTest	Generated proxy cost, await fast path		what the async def wrapper adds	26.26	ns		MacOS 26.5.1 (aarch64) / JVM 21.0.12	958c0082b294	false
desktop	3	ok	python.native.ffi.UpcallBoundaryCostTest	Upcall boundary cost	Python-driven (timed inside Python)	empty Python loop	8.68	ns	10000	MacOS 26.5.1 (aarch64) / JVM 21.0.12	958c0082b294	false
desktop	3	ok	python.native.ffi.UpcallBoundaryCostTest	Upcall boundary cost	Python-driven (timed inside Python)	pure-Python callee, same shape	25.77	ns	10000	MacOS 26.5.1 (aarch64) / JVM 21.0.12	958c0082b294	false
desktop	3	ok	python.native.ffi.UpcallBoundaryCostTest	Upcall boundary cost	Python-driven (timed inside Python)	upcall to Kotlin	546.67	ns	10000	MacOS 26.5.1 (aarch64) / JVM 21.0.12	958c0082b294	false
desktop	3	ok	python.native.ffi.UpcallBoundaryCostTest	Upcall boundary cost	Python-driven (timed inside Python)	upcall net of loop	537.99	ns	10000	MacOS 26.5.1 (aarch64) / JVM 21.0.12	958c0082b294	false
desktop	3	ok	python.native.ffi.UpcallBoundaryCostTest	Upcall boundary cost	Python-driven (timed inside Python)	upcall net of a Python call	520.9	ns	10000	MacOS 26.5.1 (aarch64) / JVM 21.0.12	958c0082b294	false
desktop	3	ok	python.native.ffi.UpcallBoundaryCostTest	Upcall boundary cost	Comparison basis, same run (timed inside Kotlin)	Py_IncRef + Py_DecRef (2 downcalls, a GIL scope each)	251.02	ns	10000	MacOS 26.5.1 (aarch64) / JVM 21.0.12	958c0082b294	false
desktop	3	ok	python.native.ffi.UpcallBoundaryCostTest	Upcall boundary cost	Comparison basis, same run (timed inside Kotlin)	PyObject_CallObject on a Python def (downcall, same shape)	260.27	ns	10000	MacOS 26.5.1 (aarch64) / JVM 21.0.12	958c0082b294	false
desktop	3	ok	python.native.ffi.UpcallBoundaryCostTest	Upcall boundary cost	Comparison basis, same run (timed inside Kotlin)	UpcallTrampoline.invoke from Kotlin (no shim, no boundary)	247.42	ns	10000	MacOS 26.5.1 (aarch64) / JVM 21.0.12	958c0082b294	false
desktop	3	ok	python.native.ffi.UpcallBoundaryCostTest	Upcall boundary cost	Comparison basis, same run (timed inside Kotlin)	...the same, with the GIL already held by the caller	85.52	ns	10000	MacOS 26.5.1 (aarch64) / JVM 21.0.12	958c0082b294	false
desktop	3	ok	python.native.ffi.UpcallBoundaryCostTest	Upcall boundary cost	Comparison basis, same run (timed inside Kotlin)	...Python3.withPython { } with nothing in it, for scale	52.6	ns	10000	MacOS 26.5.1 (aarch64) / JVM 21.0.12	958c0082b294	false
desktop	3	ok	python.native.ffi.UpcallBoundaryCostTest	Upcall boundary cost	Ratios	upcall / downcall of the same shape	2.1	x	10000	MacOS 26.5.1 (aarch64) / JVM 21.0.12	958c0082b294	false
desktop	3	ok	python.native.ffi.UpcallBoundaryCostTest	Upcall boundary cost	Ratios	upcall / trampoline alone, caller holding nothing	2.2	x	10000	MacOS 26.5.1 (aarch64) / JVM 21.0.12	958c0082b294	false
desktop	3	ok	python.native.ffi.UpcallBoundaryCostTest	Upcall boundary cost	Ratios	upcall / trampoline alone, GIL held (what the shim adds)	6.39	x	10000	MacOS 26.5.1 (aarch64) / JVM 21.0.12	958c0082b294	false
iosSimulatorArm64	3	ok	python.multiplatform.overhead.BenchmarkTest	Benchmark.printReport		NativePointer.toRawValue()	50.6	ns	1000000		958c0082b294	false
iosSimulatorArm64	3	ok	python.multiplatform.overhead.BenchmarkTest	Benchmark.printReport		NativePointer.toAddressValue()	57.14	ns	1000000		958c0082b294	false
iosSimulatorArm64	3	ok	python.multiplatform.overhead.BenchmarkTest	Benchmark.printReport		AddressValue.toNativePointer()	65.13	ns	1000000		958c0082b294	false
iosSimulatorArm64	3	ok	python.multiplatform.overhead.BenchmarkTest	Benchmark.printReport		Py_IncRef/Py_DecRef	1541.66	ns	1000000		958c0082b294	false
iosSimulatorArm64	3	ok	python.multiplatform.overhead.BenchmarkTest	Benchmark.printReport		PyUnicode_FromString (8 chars)	3382.62	ns	10000		958c0082b294	false
iosSimulatorArm64	3	ok	python.multiplatform.overhead.BenchmarkTest	Benchmark.printReport		PyUnicode_AsUTF8 (8 chars)	976.86	ns	10000		958c0082b294	false
iosSimulatorArm64	3	ok	python.multiplatform.overhead.BenchmarkTest	Benchmark.printReport		PyUnicode_FromString (256 chars)	31135.54	ns	10000		958c0082b294	false
iosSimulatorArm64	3	ok	python.multiplatform.overhead.BenchmarkTest	Benchmark.printReport		PyUnicode_AsUTF8 (256 chars)	4219.35	ns	10000		958c0082b294	false
iosSimulatorArm64	3	ok	python.multiplatform.overhead.BenchmarkTest	Benchmark.printReport		PyUnicode_FromString (8192 chars)	893572.02	ns	10000		958c0082b294	false
iosSimulatorArm64	3	ok	python.multiplatform.overhead.BenchmarkTest	Benchmark.printReport		PyUnicode_AsUTF8 (8192 chars)	107941.9	ns	10000		958c0082b294	false
iosSimulatorArm64	3	ok	python.multiplatform.overhead.BenchmarkTest	Benchmark.printReport		PyLong_FromLongLong	1532.99	ns	100000		958c0082b294	false
iosSimulatorArm64	3	ok	python.multiplatform.overhead.BenchmarkTest	Benchmark.printReport		PyLong_AsLongLong	763.39	ns	100000		958c0082b294	false
iosSimulatorArm64	3	ok	python.multiplatform.overhead.BenchmarkTest	Benchmark.printReport		Manual IncRef/DecRef	1516.04	ns	100000		958c0082b294	false
iosSimulatorArm64	3	ok	python.multiplatform.overhead.BenchmarkTest	Benchmark.printReport		PyObject wrapper creation	1954.6	ns	100000		958c0082b294	false
iosSimulatorArm64	3	ok	python.multiplatform.overhead.BenchmarkTest	Benchmark.printReport		PyObject_GetAttrString	3367.64	ns	10000		958c0082b294	false
iosSimulatorArm64	3	ok	python.multiplatform.reflection.UpcallOverheadTest	Benchmark.printReport		UpcallTable.resolve(name) [200 entries]	140.5	ns	1000000		958c0082b294	false
iosSimulatorArm64	3	ok	python.multiplatform.reflection.UpcallOverheadTest	Benchmark.printReport		UpcallTable.invoke(handle, args)	235.86	ns	1000000		958c0082b294	false
iosSimulatorArm64	3	ok	python.multiplatform.reflection.UpcallOverheadTest	Benchmark.printReport		UpcallTable.invokeByName(name, args)	298.53	ns	1000000		958c0082b294	false
iosSimulatorArm64	3	ok	python.multiplatform.reflection.UpcallOverheadTest	Benchmark.printReport		arrayOf(1L) allocation + boxing	67.48	ns	1000000		958c0082b294	false
iosSimulatorArm64	3	ok	python.multiplatform.reflection.UpcallOverheadTest	Benchmark.printReport		invoke with a pre-built args array	173.52	ns	1000000		958c0082b294	false
iosSimulatorArm64	3	ok	python.multiplatform.reflection.UpcallOverheadTest	Benchmark.printReport		direct Kotlin call (floor)	15.02	ns	1000000		958c0082b294	false
iosSimulatorArm64	3	ok	python.multiplatform.reflection.UpcallOverheadTest	Benchmark.printReport		HandleTable.resolve(handle)	112.24	ns	1000000		958c0082b294	false
iosSimulatorArm64	3	ok	python.multiplatform.reflection.UpcallOverheadTest	Benchmark.printReport		HandleTable.register + release	617.84	ns	500000		958c0082b294	false
iosSimulatorArm64	3	ok	python.multiplatform.ffi.upcall.GeneratedProxyCostTest	Generated proxy cost	Raw figures (timed inside Python, one shared loop)	empty Python function (the harness floor)	28.19	ns		iOS 26.2 (SDK 260200, arm64) / Native	958c0082b294	false
iosSimulatorArm64	3	ok	python.multiplatform.ffi.upcall.GeneratedProxyCostTest	Generated proxy cost	Raw figures (timed inside Python, one shared loop)	plain.x            pure Python, no boundary	32.35	ns		iOS 26.2 (SDK 260200, arm64) / Native	958c0082b294	false
iosSimulatorArm64	3	ok	python.multiplatform.ffi.upcall.GeneratedProxyCostTest	Generated proxy cost	Raw figures (timed inside Python, one shared loop)	plain.p            pure Python @property, no boundary	43.89	ns		iOS 26.2 (SDK 260200, arm64) / Native	958c0082b294	false
iosSimulatorArm64	3	ok	python.multiplatform.ffi.upcall.GeneratedProxyCostTest	Generated proxy cost	Raw figures (timed inside Python, one shared loop)	_pm_invoke(h, ())                        raw boundary, arity 0	1806.58	ns		iOS 26.2 (SDK 260200, arm64) / Native	958c0082b294	false
iosSimulatorArm64	3	ok	python.multiplatform.ffi.upcall.GeneratedProxyCostTest	Generated proxy cost	Raw figures (timed inside Python, one shared loop)	demo.calc.ping()                          module function proxy	1825.87	ns		iOS 26.2 (SDK 260200, arm64) / Native	958c0082b294	false
iosSimulatorArm64	3	ok	python.multiplatform.ffi.upcall.GeneratedProxyCostTest	Generated proxy cost	Raw figures (timed inside Python, one shared loop)	_pm_release(_pm_invoke(h, (10,)))        raw boundary + release	3543.14	ns		iOS 26.2 (SDK 260200, arm64) / Native	958c0082b294	false
iosSimulatorArm64	3	ok	python.multiplatform.ffi.upcall.GeneratedProxyCostTest	Generated proxy cost	Raw figures (timed inside Python, one shared loop)	Counter(10)                               constructor proxy	3846.61	ns		iOS 26.2 (SDK 260200, arm64) / Native	958c0082b294	false
iosSimulatorArm64	3	ok	python.multiplatform.ffi.upcall.GeneratedProxyCostTest	Generated proxy cost	Raw figures (timed inside Python, one shared loop)	_pm_invoke(h, (self, 5))                 raw boundary	2842.71	ns		iOS 26.2 (SDK 260200, arm64) / Native	958c0082b294	false
iosSimulatorArm64	3	ok	python.multiplatform.ffi.upcall.GeneratedProxyCostTest	Generated proxy cost	Raw figures (timed inside Python, one shared loop)	c.increment(5)                            instance method proxy	2856.91	ns		iOS 26.2 (SDK 260200, arm64) / Native	958c0082b294	false
iosSimulatorArm64	3	ok	python.multiplatform.ffi.upcall.GeneratedProxyCostTest	Generated proxy cost	Raw figures (timed inside Python, one shared loop)	_pm_invoke(h, (self,))                   raw boundary	2472.97	ns		iOS 26.2 (SDK 260200, arm64) / Native	958c0082b294	false
iosSimulatorArm64	3	ok	python.multiplatform.ffi.upcall.GeneratedProxyCostTest	Generated proxy cost	Raw figures (timed inside Python, one shared loop)	c.value                                   property read (descriptor)	2495.96	ns		iOS 26.2 (SDK 260200, arm64) / Native	958c0082b294	false
iosSimulatorArm64	3	ok	python.multiplatform.ffi.upcall.GeneratedProxyCostTest	Generated proxy cost	Raw figures (timed inside Python, one shared loop)	_pm_invoke(h, (self, 'x'))               raw boundary	2821.65	ns		iOS 26.2 (SDK 260200, arm64) / Native	958c0082b294	false
iosSimulatorArm64	3	ok	python.multiplatform.ffi.upcall.GeneratedProxyCostTest	Generated proxy cost	Raw figures (timed inside Python, one shared loop)	c.label = 'x'                             property write (descriptor)	2895.42	ns		iOS 26.2 (SDK 260200, arm64) / Native	958c0082b294	false
iosSimulatorArm64	3	ok	python.multiplatform.ffi.upcall.GeneratedProxyCostTest	Generated proxy cost	Raw figures (timed inside Python, one shared loop)	_pm_invoke(h, ())                        raw boundary, arity 0 again	1824.02	ns		iOS 26.2 (SDK 260200, arm64) / Native	958c0082b294	false
iosSimulatorArm64	3	ok	python.multiplatform.ffi.upcall.GeneratedProxyCostTest	Generated proxy cost	Raw figures (timed inside Python, one shared loop)	_pm_invoke(h, (12,))                     raw boundary	2170.03	ns		iOS 26.2 (SDK 260200, arm64) / Native	958c0082b294	false
iosSimulatorArm64	3	ok	python.multiplatform.ffi.upcall.GeneratedProxyCostTest	Generated proxy cost	Raw figures (timed inside Python, one shared loop)	Counter.created                           static read (metaclass)	1878.47	ns		iOS 26.2 (SDK 260200, arm64) / Native	958c0082b294	false
iosSimulatorArm64	3	ok	python.multiplatform.ffi.upcall.GeneratedProxyCostTest	Generated proxy cost	Raw figures (timed inside Python, one shared loop)	Counter.created = 12                      static write (metaclass)	2252.48	ns		iOS 26.2 (SDK 260200, arm64) / Native	958c0082b294	false
iosSimulatorArm64	3	ok	python.multiplatform.ffi.upcall.GeneratedProxyCostTest	Generated proxy cost	Raw figures (timed inside Python, one shared loop)	demo.calc.tally                           top-level read (module type)	1898.82	ns		iOS 26.2 (SDK 260200, arm64) / Native	958c0082b294	false
iosSimulatorArm64	3	ok	python.multiplatform.ffi.upcall.GeneratedProxyCostTest	Generated proxy cost	Raw figures (timed inside Python, one shared loop)	demo.calc.tally = 9                       top-level write (module type)	2254.04	ns		iOS 26.2 (SDK 260200, arm64) / Native	958c0082b294	false
iosSimulatorArm64	3	ok	python.multiplatform.ffi.upcall.GeneratedProxyCostTest	Generated proxy cost	Pure-Python floors, net of the harness (no boundary anywhere in these)	plain attribute read	4.15	ns		iOS 26.2 (SDK 260200, arm64) / Native	958c0082b294	false
iosSimulatorArm64	3	ok	python.multiplatform.ffi.upcall.GeneratedProxyCostTest	Generated proxy cost	Pure-Python floors, net of the harness (no boundary anywhere in these)	@property read	15.69	ns		iOS 26.2 (SDK 260200, arm64) / Native	958c0082b294	false
iosSimulatorArm64	3	ok	python.multiplatform.ffi.upcall.GeneratedProxyCostTest	Generated proxy cost	Pure-Python floors, net of the harness (no boundary anywhere in these)	the descriptor itself costs	11.54	ns		iOS 26.2 (SDK 260200, arm64) / Native	958c0082b294	false
iosSimulatorArm64	3	ok	python.multiplatform.ffi.upcall.GeneratedProxyCostTest	Generated proxy cost, await fast path		_pm_invoke(h, (21,)) inside the coroutine, no await	3009.88	ns		iOS 26.2 (SDK 260200, arm64) / Native	958c0082b294	false
iosSimulatorArm64	3	ok	python.multiplatform.ffi.upcall.GeneratedProxyCostTest	Generated proxy cost, await fast path		await a pure-Python coroutine that never suspends	86.92	ns		iOS 26.2 (SDK 260200, arm64) / Native	958c0082b294	false
iosSimulatorArm64	3	ok	python.multiplatform.ffi.upcall.GeneratedProxyCostTest	Generated proxy cost, await fast path		await demo.calc.doubleNow(21)   generated async def, fast path	3177.15	ns		iOS 26.2 (SDK 260200, arm64) / Native	958c0082b294	false
iosSimulatorArm64	3	ok	python.multiplatform.ffi.upcall.GeneratedProxyCostTest	Generated proxy cost, await fast path		await proxy / raw boundary in the same loop	1.05	x		iOS 26.2 (SDK 260200, arm64) / Native	958c0082b294	false
iosSimulatorArm64	3	ok	python.multiplatform.ffi.upcall.GeneratedProxyCostTest	Generated proxy cost, await fast path		what the async def wrapper adds	167.27	ns		iOS 26.2 (SDK 260200, arm64) / Native	958c0082b294	false
iosSimulatorArm64	3	ok	python.multiplatform.ffi.upcall.GeneratedProxyCostTest	Generated proxy install cost		PythonProxySource.render()      Kotlin string building only	638.23	us		iOS 26.2 (SDK 260200, arm64) / Native	958c0082b294	false
iosSimulatorArm64	3	ok	python.multiplatform.ffi.upcall.GeneratedProxyCostTest	Generated proxy install cost		PythonProxySource.install()     render + Python3.exec	3272.17	us		iOS 26.2 (SDK 260200, arm64) / Native	958c0082b294	false
iosSimulatorArm64	3	ok	python.multiplatform.ffi.upcall.GeneratedProxyCostTest	Generated proxy install cost		...of which Python3.exec	2633.94	us		iOS 26.2 (SDK 260200, arm64) / Native	958c0082b294	false
iosSimulatorArm64	3	ok	python.native.ffi.UpcallBoundaryCostTest	Upcall boundary cost	Python-driven (timed inside Python)	empty Python loop	10.17	ns	10000	iOS 26.2 (SDK 260200, arm64) / Native	958c0082b294	false
iosSimulatorArm64	3	ok	python.native.ffi.UpcallBoundaryCostTest	Upcall boundary cost	Python-driven (timed inside Python)	pure-Python callee, same shape	37.72	ns	10000	iOS 26.2 (SDK 260200, arm64) / Native	958c0082b294	false
iosSimulatorArm64	3	ok	python.native.ffi.UpcallBoundaryCostTest	Upcall boundary cost	Python-driven (timed inside Python)	upcall to Kotlin	2253.2	ns	10000	iOS 26.2 (SDK 260200, arm64) / Native	958c0082b294	false
iosSimulatorArm64	3	ok	python.native.ffi.UpcallBoundaryCostTest	Upcall boundary cost	Python-driven (timed inside Python)	upcall net of loop	2243.03	ns	10000	iOS 26.2 (SDK 260200, arm64) / Native	958c0082b294	false
iosSimulatorArm64	3	ok	python.native.ffi.UpcallBoundaryCostTest	Upcall boundary cost	Python-driven (timed inside Python)	upcall net of a Python call	2215.47	ns	10000	iOS 26.2 (SDK 260200, arm64) / Native	958c0082b294	false
iosSimulatorArm64	3	ok	python.native.ffi.UpcallBoundaryCostTest	Upcall boundary cost	Comparison basis, same run (timed inside Kotlin)	Py_IncRef + Py_DecRef (2 downcalls, a GIL scope each)	1496.68	ns	10000	iOS 26.2 (SDK 260200, arm64) / Native	958c0082b294	false
iosSimulatorArm64	3	ok	python.native.ffi.UpcallBoundaryCostTest	Upcall boundary cost	Comparison basis, same run (timed inside Kotlin)	PyObject_CallObject on a Python def (downcall, same shape)	1599.47	ns	10000	iOS 26.2 (SDK 260200, arm64) / Native	958c0082b294	false
iosSimulatorArm64	3	ok	python.native.ffi.UpcallBoundaryCostTest	Upcall boundary cost	Comparison basis, same run (timed inside Kotlin)	UpcallTrampoline.invoke from Kotlin (no shim, no boundary)	2794.42	ns	10000	iOS 26.2 (SDK 260200, arm64) / Native	958c0082b294	false
iosSimulatorArm64	3	ok	python.native.ffi.UpcallBoundaryCostTest	Upcall boundary cost	Comparison basis, same run (timed inside Kotlin)	...the same, with the GIL already held by the caller	1949.75	ns	10000	iOS 26.2 (SDK 260200, arm64) / Native	958c0082b294	false
iosSimulatorArm64	3	ok	python.native.ffi.UpcallBoundaryCostTest	Upcall boundary cost	Comparison basis, same run (timed inside Kotlin)	...Python3.withPython { } with nothing in it, for scale	707.08	ns	10000	iOS 26.2 (SDK 260200, arm64) / Native	958c0082b294	false
iosSimulatorArm64	3	ok	python.native.ffi.UpcallBoundaryCostTest	Upcall boundary cost	Ratios	upcall / downcall of the same shape	1.4	x	10000	iOS 26.2 (SDK 260200, arm64) / Native	958c0082b294	false
iosSimulatorArm64	3	ok	python.native.ffi.UpcallBoundaryCostTest	Upcall boundary cost	Ratios	upcall / trampoline alone, caller holding nothing	0.8	x	10000	iOS 26.2 (SDK 260200, arm64) / Native	958c0082b294	false
iosSimulatorArm64	3	ok	python.native.ffi.UpcallBoundaryCostTest	Upcall boundary cost	Ratios	upcall / trampoline alone, GIL held (what the shim adds)	1.15	x	10000	iOS 26.2 (SDK 260200, arm64) / Native	958c0082b294	false
wasmJs	3	ok	python.multiplatform.overhead.BenchmarkTest	Benchmark.printReport		NativePointer.toRawValue()	14.38	ns	1000000		958c0082b294	false
wasmJs	3	ok	python.multiplatform.overhead.BenchmarkTest	Benchmark.printReport		NativePointer.toAddressValue()	14.46	ns	1000000		958c0082b294	false
wasmJs	3	ok	python.multiplatform.overhead.BenchmarkTest	Benchmark.printReport		AddressValue.toNativePointer()	6.34	ns	1000000		958c0082b294	false
wasmJs	3	ok	python.multiplatform.overhead.BenchmarkTest	Benchmark.printReport		Py_IncRef/Py_DecRef	45.81	ns	1000000		958c0082b294	false
wasmJs	3	ok	python.multiplatform.overhead.BenchmarkTest	Benchmark.printReport		PyUnicode_FromString (8 chars)	103.22	ns	10000		958c0082b294	false
wasmJs	3	ok	python.multiplatform.overhead.BenchmarkTest	Benchmark.printReport		PyUnicode_AsUTF8 (8 chars)	57.01	ns	10000		958c0082b294	false
wasmJs	3	ok	python.multiplatform.overhead.BenchmarkTest	Benchmark.printReport		PyUnicode_FromString (256 chars)	758.31	ns	10000		958c0082b294	false
wasmJs	3	ok	python.multiplatform.overhead.BenchmarkTest	Benchmark.printReport		PyUnicode_AsUTF8 (256 chars)	435.2	ns	10000		958c0082b294	false
wasmJs	3	ok	python.multiplatform.overhead.BenchmarkTest	Benchmark.printReport		PyUnicode_FromString (8192 chars)	30560.16	ns	10000		958c0082b294	false
wasmJs	3	ok	python.multiplatform.overhead.BenchmarkTest	Benchmark.printReport		PyUnicode_AsUTF8 (8192 chars)	11283.89	ns	10000		958c0082b294	false
wasmJs	3	ok	python.multiplatform.overhead.BenchmarkTest	Benchmark.printReport		PyLong_FromLongLong	57.65	ns	100000		958c0082b294	false
wasmJs	3	ok	python.multiplatform.overhead.BenchmarkTest	Benchmark.printReport		PyLong_AsLongLong	27.02	ns	100000		958c0082b294	false
wasmJs	3	ok	python.multiplatform.overhead.BenchmarkTest	Benchmark.printReport		Manual IncRef/DecRef	44.24	ns	100000		958c0082b294	false
wasmJs	3	ok	python.multiplatform.overhead.BenchmarkTest	Benchmark.printReport		PyObject wrapper creation	259.71	ns	100000		958c0082b294	false
wasmJs	3	ok	python.multiplatform.overhead.BenchmarkTest	Benchmark.printReport		PyObject_GetAttrString	191.08	ns	10000		958c0082b294	false
wasmJs	3	ok	python.multiplatform.ref.WasmFinalizationTest	Benchmark.printReport		cleaner: registerCleaner + close (the whole hook)	77.7	ns	50000		958c0082b294	false
wasmJs	3	ok	python.multiplatform.ref.WasmFinalizationTest	Benchmark.printReport		cleaner: toJsReference() alone (the externref crossing)	33.57	ns	50000		958c0082b294	false
wasmJs	3	ok	python.multiplatform.reflection.UpcallOverheadTest	Benchmark.printReport		UpcallTable.resolve(name) [200 entries]	34.78	ns	1000000		958c0082b294	false
wasmJs	3	ok	python.multiplatform.reflection.UpcallOverheadTest	Benchmark.printReport		UpcallTable.invoke(handle, args)	44.03	ns	1000000		958c0082b294	false
wasmJs	3	ok	python.multiplatform.reflection.UpcallOverheadTest	Benchmark.printReport		UpcallTable.invokeByName(name, args)	49.23	ns	1000000		958c0082b294	false
wasmJs	3	ok	python.multiplatform.reflection.UpcallOverheadTest	Benchmark.printReport		arrayOf(1L) allocation + boxing	8.73	ns	1000000		958c0082b294	false
wasmJs	3	ok	python.multiplatform.reflection.UpcallOverheadTest	Benchmark.printReport		invoke with a pre-built args array	23.07	ns	1000000		958c0082b294	false
wasmJs	3	ok	python.multiplatform.reflection.UpcallOverheadTest	Benchmark.printReport		direct Kotlin call (floor)	4.45	ns	1000000		958c0082b294	false
wasmJs	3	ok	python.multiplatform.reflection.UpcallOverheadTest	Benchmark.printReport		HandleTable.resolve(handle)	7.78	ns	1000000		958c0082b294	false
wasmJs	3	ok	python.multiplatform.reflection.UpcallOverheadTest	Benchmark.printReport		HandleTable.register + release	57.94	ns	500000		958c0082b294	false
wasmJs	3	ok	python.native.ffi.WasmMarshallingOverheadTest	Benchmark.printReport		marshal: malloc+encodeToByteArray+copy+free (old)	76.95	ns	200000		958c0082b294	false
wasmJs	3	ok	python.native.ffi.WasmMarshallingOverheadTest	Benchmark.printReport		marshal: malloc+free only	13.5	ns	200000		958c0082b294	false
wasmJs	3	ok	python.native.ffi.WasmMarshallingOverheadTest	Benchmark.printReport		marshal: encodeToByteArray only	50.42	ns	200000		958c0082b294	false
wasmJs	3	ok	python.native.ffi.WasmMarshallingOverheadTest	Benchmark.printReport		marshal: Wasm.scratchUtf8	28.48	ns	200000		958c0082b294	false
wasmJs	3	ok	python.native.ffi.WasmMarshallingOverheadTest	Benchmark.printReport		marshal: Wasm.internedUtf8 (hit)	21.71	ns	200000		958c0082b294	false
wasmJs	3	ok	python.native.ffi.WasmMarshallingOverheadTest	Benchmark.printReport		marshal 54-char name: Wasm.scratchUtf8	145.61	ns	200000		958c0082b294	false
wasmJs	3	ok	python.native.ffi.WasmMarshallingOverheadTest	Benchmark.printReport		marshal 54-char name: Wasm.internedUtf8 (hit)	24.73	ns	200000		958c0082b294	false
wasmJs	3	ok	python.native.ffi.WasmMarshallingOverheadTest	Benchmark.printReport		getattr: C string allocated per call (old)	242.4	ns	50000		958c0082b294	false
wasmJs	3	ok	python.native.ffi.WasmMarshallingOverheadTest	Benchmark.printReport		getattr: interned C string (new)	187.64	ns	50000		958c0082b294	false
wasmJs	3	ok	python.native.ffi.WasmMarshallingOverheadTest	Benchmark.printReport		getattr via actual: C string per call (old)	222.2	ns	50000		958c0082b294	false
wasmJs	3	ok	python.native.ffi.WasmMarshallingOverheadTest	Benchmark.printReport		getattr via actual: interned (new)	193.03	ns	50000		958c0082b294	false
wasmJs	3	ok	python.native.ffi.WasmMarshallingOverheadTest	Benchmark.printReport		getattr: scratch C string	192.62	ns	50000		958c0082b294	false
wasmJs	3	ok	python.native.ffi.WasmMarshallingOverheadTest	Benchmark.printReport		marshal 4000 B: malloc+encode+copy+free (old)	14285.62	ns	20000		958c0082b294	false
wasmJs	3	ok	python.native.ffi.WasmMarshallingOverheadTest	Benchmark.printReport		marshal 4000 B: Wasm.scratchUtf8	9420.6	ns	20000		958c0082b294	false
wasmJs	3	ok	python.multiplatform.ffi.upcall.GeneratedProxyCostTest	Generated proxy cost	Raw figures (timed inside Python, one shared loop)	empty Python function (the harness floor)	37.47	ns		Web emscripten (wasm32) / Wasm Kotlin/Wasm	958c0082b294	false
wasmJs	3	ok	python.multiplatform.ffi.upcall.GeneratedProxyCostTest	Generated proxy cost	Raw figures (timed inside Python, one shared loop)	plain.x            pure Python, no boundary	41.74	ns		Web emscripten (wasm32) / Wasm Kotlin/Wasm	958c0082b294	false
wasmJs	3	ok	python.multiplatform.ffi.upcall.GeneratedProxyCostTest	Generated proxy cost	Raw figures (timed inside Python, one shared loop)	plain.p            pure Python @property, no boundary	57.06	ns		Web emscripten (wasm32) / Wasm Kotlin/Wasm	958c0082b294	false
wasmJs	3	ok	python.multiplatform.ffi.upcall.GeneratedProxyCostTest	Generated proxy cost	Raw figures (timed inside Python, one shared loop)	_pm_invoke(h, ())                        raw boundary, arity 0	296.17	ns		Web emscripten (wasm32) / Wasm Kotlin/Wasm	958c0082b294	false
wasmJs	3	ok	python.multiplatform.ffi.upcall.GeneratedProxyCostTest	Generated proxy cost	Raw figures (timed inside Python, one shared loop)	demo.calc.ping()                          module function proxy	314.19	ns		Web emscripten (wasm32) / Wasm Kotlin/Wasm	958c0082b294	false
wasmJs	3	ok	python.multiplatform.ffi.upcall.GeneratedProxyCostTest	Generated proxy cost	Raw figures (timed inside Python, one shared loop)	_pm_release(_pm_invoke(h, (10,)))        raw boundary + release	693.56	ns		Web emscripten (wasm32) / Wasm Kotlin/Wasm	958c0082b294	false
wasmJs	3	ok	python.multiplatform.ffi.upcall.GeneratedProxyCostTest	Generated proxy cost	Raw figures (timed inside Python, one shared loop)	Counter(10)                               constructor proxy	1079.33	ns		Web emscripten (wasm32) / Wasm Kotlin/Wasm	958c0082b294	false
wasmJs	3	ok	python.multiplatform.ffi.upcall.GeneratedProxyCostTest	Generated proxy cost	Raw figures (timed inside Python, one shared loop)	_pm_invoke(h, (self, 5))                 raw boundary	403.25	ns		Web emscripten (wasm32) / Wasm Kotlin/Wasm	958c0082b294	false
wasmJs	3	ok	python.multiplatform.ffi.upcall.GeneratedProxyCostTest	Generated proxy cost	Raw figures (timed inside Python, one shared loop)	c.increment(5)                            instance method proxy	430.66	ns		Web emscripten (wasm32) / Wasm Kotlin/Wasm	958c0082b294	false
wasmJs	3	ok	python.multiplatform.ffi.upcall.GeneratedProxyCostTest	Generated proxy cost	Raw figures (timed inside Python, one shared loop)	_pm_invoke(h, (self,))                   raw boundary	361.2	ns		Web emscripten (wasm32) / Wasm Kotlin/Wasm	958c0082b294	false
wasmJs	3	ok	python.multiplatform.ffi.upcall.GeneratedProxyCostTest	Generated proxy cost	Raw figures (timed inside Python, one shared loop)	c.value                                   property read (descriptor)	383.43	ns		Web emscripten (wasm32) / Wasm Kotlin/Wasm	958c0082b294	false
wasmJs	3	ok	python.multiplatform.ffi.upcall.GeneratedProxyCostTest	Generated proxy cost	Raw figures (timed inside Python, one shared loop)	_pm_invoke(h, (self, 'x'))               raw boundary	429.79	ns		Web emscripten (wasm32) / Wasm Kotlin/Wasm	958c0082b294	false
wasmJs	3	ok	python.multiplatform.ffi.upcall.GeneratedProxyCostTest	Generated proxy cost	Raw figures (timed inside Python, one shared loop)	c.label = 'x'                             property write (descriptor)	514.4	ns		Web emscripten (wasm32) / Wasm Kotlin/Wasm	958c0082b294	false
wasmJs	3	ok	python.multiplatform.ffi.upcall.GeneratedProxyCostTest	Generated proxy cost	Raw figures (timed inside Python, one shared loop)	_pm_invoke(h, ())                        raw boundary, arity 0 again	294.77	ns		Web emscripten (wasm32) / Wasm Kotlin/Wasm	958c0082b294	false
wasmJs	3	ok	python.multiplatform.ffi.upcall.GeneratedProxyCostTest	Generated proxy cost	Raw figures (timed inside Python, one shared loop)	_pm_invoke(h, (12,))                     raw boundary	324.03	ns		Web emscripten (wasm32) / Wasm Kotlin/Wasm	958c0082b294	false
wasmJs	3	ok	python.multiplatform.ffi.upcall.GeneratedProxyCostTest	Generated proxy cost	Raw figures (timed inside Python, one shared loop)	Counter.created                           static read (metaclass)	378.71	ns		Web emscripten (wasm32) / Wasm Kotlin/Wasm	958c0082b294	false
wasmJs	3	ok	python.multiplatform.ffi.upcall.GeneratedProxyCostTest	Generated proxy cost	Raw figures (timed inside Python, one shared loop)	Counter.created = 12                      static write (metaclass)	436.1	ns		Web emscripten (wasm32) / Wasm Kotlin/Wasm	958c0082b294	false
wasmJs	3	ok	python.multiplatform.ffi.upcall.GeneratedProxyCostTest	Generated proxy cost	Raw figures (timed inside Python, one shared loop)	demo.calc.tally                           top-level read (module type)	393.86	ns		Web emscripten (wasm32) / Wasm Kotlin/Wasm	958c0082b294	false
wasmJs	3	ok	python.multiplatform.ffi.upcall.GeneratedProxyCostTest	Generated proxy cost	Raw figures (timed inside Python, one shared loop)	demo.calc.tally = 9                       top-level write (module type)	431.77	ns		Web emscripten (wasm32) / Wasm Kotlin/Wasm	958c0082b294	false
wasmJs	3	ok	python.multiplatform.ffi.upcall.GeneratedProxyCostTest	Generated proxy cost	Pure-Python floors, net of the harness (no boundary anywhere in these)	plain attribute read	4.27	ns		Web emscripten (wasm32) / Wasm Kotlin/Wasm	958c0082b294	false
wasmJs	3	ok	python.multiplatform.ffi.upcall.GeneratedProxyCostTest	Generated proxy cost	Pure-Python floors, net of the harness (no boundary anywhere in these)	@property read	19.59	ns		Web emscripten (wasm32) / Wasm Kotlin/Wasm	958c0082b294	false
wasmJs	3	ok	python.multiplatform.ffi.upcall.GeneratedProxyCostTest	Generated proxy cost	Pure-Python floors, net of the harness (no boundary anywhere in these)	the descriptor itself costs	15.32	ns		Web emscripten (wasm32) / Wasm Kotlin/Wasm	958c0082b294	false
wasmJs	3	ok	python.multiplatform.ffi.upcall.GeneratedProxyCostTest	Generated proxy install cost		PythonProxySource.render()      Kotlin string building only	190.6	us		Web emscripten (wasm32) / Wasm Kotlin/Wasm	958c0082b294	false
wasmJs	3	ok	python.multiplatform.ffi.upcall.GeneratedProxyCostTest	Generated proxy install cost		PythonProxySource.install()     render + Python3.exec	2044.08	us		Web emscripten (wasm32) / Wasm Kotlin/Wasm	958c0082b294	false
wasmJs	3	ok	python.multiplatform.ffi.upcall.GeneratedProxyCostTest	Generated proxy install cost		...of which Python3.exec	1853.48	us		Web emscripten (wasm32) / Wasm Kotlin/Wasm	958c0082b294	false
wasmJs	3	ok	python.native.ffi.UpcallBoundaryCostTest	Upcall boundary cost	Python-driven (timed inside Python)	empty Python loop	14.74	ns	10000	Web emscripten (wasm32) / Wasm Kotlin/Wasm	958c0082b294	false
wasmJs	3	ok	python.native.ffi.UpcallBoundaryCostTest	Upcall boundary cost	Python-driven (timed inside Python)	pure-Python callee, same shape	47.89	ns	10000	Web emscripten (wasm32) / Wasm Kotlin/Wasm	958c0082b294	false
wasmJs	3	ok	python.native.ffi.UpcallBoundaryCostTest	Upcall boundary cost	Python-driven (timed inside Python)	upcall to Kotlin	302.41	ns	10000	Web emscripten (wasm32) / Wasm Kotlin/Wasm	958c0082b294	false
wasmJs	3	ok	python.native.ffi.UpcallBoundaryCostTest	Upcall boundary cost	Python-driven (timed inside Python)	upcall net of loop	287.67	ns	10000	Web emscripten (wasm32) / Wasm Kotlin/Wasm	958c0082b294	false
wasmJs	3	ok	python.native.ffi.UpcallBoundaryCostTest	Upcall boundary cost	Python-driven (timed inside Python)	upcall net of a Python call	254.51	ns	10000	Web emscripten (wasm32) / Wasm Kotlin/Wasm	958c0082b294	false
wasmJs	3	ok	python.native.ffi.UpcallBoundaryCostTest	Upcall boundary cost	Comparison basis, same run (timed inside Kotlin)	Py_IncRef + Py_DecRef (2 downcalls, a GIL scope each)	45.63	ns	10000	Web emscripten (wasm32) / Wasm Kotlin/Wasm	958c0082b294	false
wasmJs	3	ok	python.native.ffi.UpcallBoundaryCostTest	Upcall boundary cost	Comparison basis, same run (timed inside Kotlin)	PyObject_CallObject on a Python def (downcall, same shape)	97.72	ns	10000	Web emscripten (wasm32) / Wasm Kotlin/Wasm	958c0082b294	false
wasmJs	3	ok	python.native.ffi.UpcallBoundaryCostTest	Upcall boundary cost	Comparison basis, same run (timed inside Kotlin)	UpcallTrampoline.invoke from Kotlin (no shim, no boundary)	149.5	ns	10000	Web emscripten (wasm32) / Wasm Kotlin/Wasm	958c0082b294	false
wasmJs	3	ok	python.native.ffi.UpcallBoundaryCostTest	Upcall boundary cost	Comparison basis, same run (timed inside Kotlin)	...the same, with the GIL already held by the caller	124.67	ns	10000	Web emscripten (wasm32) / Wasm Kotlin/Wasm	958c0082b294	false
wasmJs	3	ok	python.native.ffi.UpcallBoundaryCostTest	Upcall boundary cost	Comparison basis, same run (timed inside Kotlin)	...Python3.withPython { } with nothing in it, for scale	24.66	ns	10000	Web emscripten (wasm32) / Wasm Kotlin/Wasm	958c0082b294	false
wasmJs	3	ok	python.native.ffi.UpcallBoundaryCostTest	Upcall boundary cost	Ratios	upcall / downcall of the same shape	3.09	x	10000	Web emscripten (wasm32) / Wasm Kotlin/Wasm	958c0082b294	false
wasmJs	3	ok	python.native.ffi.UpcallBoundaryCostTest	Upcall boundary cost	Ratios	upcall / trampoline alone, caller holding nothing	2.02	x	10000	Web emscripten (wasm32) / Wasm Kotlin/Wasm	958c0082b294	false
wasmJs	3	ok	python.native.ffi.UpcallBoundaryCostTest	Upcall boundary cost	Ratios	upcall / trampoline alone, GIL held (what the shim adds)	2.42	x	10000	Web emscripten (wasm32) / Wasm Kotlin/Wasm	958c0082b294	false
androidNativeArm64	3	ok	python.multiplatform.overhead.BenchmarkTest	Benchmark.printReport		NativePointer.toRawValue()	68.96	ns	1000000		958c0082b294	false
androidNativeArm64	3	ok	python.multiplatform.overhead.BenchmarkTest	Benchmark.printReport		NativePointer.toAddressValue()	83.42	ns	1000000		958c0082b294	false
androidNativeArm64	3	ok	python.multiplatform.overhead.BenchmarkTest	Benchmark.printReport		AddressValue.toNativePointer()	95.53	ns	1000000		958c0082b294	false
androidNativeArm64	3	ok	python.multiplatform.overhead.BenchmarkTest	Benchmark.printReport		Py_IncRef/Py_DecRef	2101.64	ns	1000000		958c0082b294	false
androidNativeArm64	3	ok	python.multiplatform.overhead.BenchmarkTest	Benchmark.printReport		PyUnicode_FromString (8 chars)	4437.56	ns	10000		958c0082b294	false
androidNativeArm64	3	ok	python.multiplatform.overhead.BenchmarkTest	Benchmark.printReport		PyUnicode_AsUTF8 (8 chars)	1243.76	ns	10000		958c0082b294	false
androidNativeArm64	3	ok	python.multiplatform.overhead.BenchmarkTest	Benchmark.printReport		PyUnicode_FromString (256 chars)	40303.97	ns	10000		958c0082b294	false
androidNativeArm64	3	ok	python.multiplatform.overhead.BenchmarkTest	Benchmark.printReport		PyUnicode_AsUTF8 (256 chars)	4931.79	ns	10000		958c0082b294	false
androidNativeArm64	3	ok	python.multiplatform.overhead.BenchmarkTest	Benchmark.printReport		PyUnicode_FromString (8192 chars)	1169590.51	ns	10000		958c0082b294	false
androidNativeArm64	3	ok	python.multiplatform.overhead.BenchmarkTest	Benchmark.printReport		PyUnicode_AsUTF8 (8192 chars)	123729.16	ns	10000		958c0082b294	false
androidNativeArm64	3	ok	python.multiplatform.overhead.BenchmarkTest	Benchmark.printReport		PyLong_FromLongLong	2137.91	ns	100000		958c0082b294	false
androidNativeArm64	3	ok	python.multiplatform.overhead.BenchmarkTest	Benchmark.printReport		PyLong_AsLongLong	1066.52	ns	100000		958c0082b294	false
androidNativeArm64	3	ok	python.multiplatform.overhead.BenchmarkTest	Benchmark.printReport		Manual IncRef/DecRef	2063.26	ns	100000		958c0082b294	false
androidNativeArm64	3	ok	python.multiplatform.overhead.BenchmarkTest	Benchmark.printReport		PyObject wrapper creation	2626.97	ns	100000		958c0082b294	false
androidNativeArm64	3	ok	python.multiplatform.overhead.BenchmarkTest	Benchmark.printReport		PyObject_GetAttrString	4486.95	ns	10000		958c0082b294	false
androidNativeArm64	3	ok	python.multiplatform.reflection.UpcallOverheadTest	Benchmark.printReport		UpcallTable.resolve(name) [200 entries]	242.4	ns	1000000		958c0082b294	false
androidNativeArm64	3	ok	python.multiplatform.reflection.UpcallOverheadTest	Benchmark.printReport		UpcallTable.invoke(handle, args)	303.76	ns	1000000		958c0082b294	false
androidNativeArm64	3	ok	python.multiplatform.reflection.UpcallOverheadTest	Benchmark.printReport		UpcallTable.invokeByName(name, args)	430.23	ns	1000000		958c0082b294	false
androidNativeArm64	3	ok	python.multiplatform.reflection.UpcallOverheadTest	Benchmark.printReport		arrayOf(1L) allocation + boxing	77.71	ns	1000000		958c0082b294	false
androidNativeArm64	3	ok	python.multiplatform.reflection.UpcallOverheadTest	Benchmark.printReport		invoke with a pre-built args array	242.24	ns	1000000		958c0082b294	false
androidNativeArm64	3	ok	python.multiplatform.reflection.UpcallOverheadTest	Benchmark.printReport		direct Kotlin call (floor)	15.26	ns	1000000		958c0082b294	false
androidNativeArm64	3	ok	python.multiplatform.reflection.UpcallOverheadTest	Benchmark.printReport		HandleTable.resolve(handle)	157.77	ns	1000000		958c0082b294	false
androidNativeArm64	3	ok	python.multiplatform.reflection.UpcallOverheadTest	Benchmark.printReport		HandleTable.register + release	849.92	ns	500000		958c0082b294	false
androidNativeArm64	3	ok	python.multiplatform.ffi.upcall.GeneratedProxyCostTest	Generated proxy cost	Raw figures (timed inside Python, one shared loop)	empty Python function (the harness floor)	37.63	ns		Android 16 (SDK 36, aarch64) / Native	958c0082b294	false
androidNativeArm64	3	ok	python.multiplatform.ffi.upcall.GeneratedProxyCostTest	Generated proxy cost	Raw figures (timed inside Python, one shared loop)	plain.x            pure Python, no boundary	40.5	ns		Android 16 (SDK 36, aarch64) / Native	958c0082b294	false
androidNativeArm64	3	ok	python.multiplatform.ffi.upcall.GeneratedProxyCostTest	Generated proxy cost	Raw figures (timed inside Python, one shared loop)	plain.p            pure Python @property, no boundary	53.47	ns		Android 16 (SDK 36, aarch64) / Native	958c0082b294	false
androidNativeArm64	3	ok	python.multiplatform.ffi.upcall.GeneratedProxyCostTest	Generated proxy cost	Raw figures (timed inside Python, one shared loop)	_pm_invoke(h, ())                        raw boundary, arity 0	2655.5	ns		Android 16 (SDK 36, aarch64) / Native	958c0082b294	false
androidNativeArm64	3	ok	python.multiplatform.ffi.upcall.GeneratedProxyCostTest	Generated proxy cost	Raw figures (timed inside Python, one shared loop)	demo.calc.ping()                          module function proxy	2681.62	ns		Android 16 (SDK 36, aarch64) / Native	958c0082b294	false
androidNativeArm64	3	ok	python.multiplatform.ffi.upcall.GeneratedProxyCostTest	Generated proxy cost	Raw figures (timed inside Python, one shared loop)	_pm_release(_pm_invoke(h, (10,)))        raw boundary + release	5125.55	ns		Android 16 (SDK 36, aarch64) / Native	958c0082b294	false
androidNativeArm64	3	ok	python.multiplatform.ffi.upcall.GeneratedProxyCostTest	Generated proxy cost	Raw figures (timed inside Python, one shared loop)	Counter(10)                               constructor proxy	5577.53	ns		Android 16 (SDK 36, aarch64) / Native	958c0082b294	false
androidNativeArm64	3	ok	python.multiplatform.ffi.upcall.GeneratedProxyCostTest	Generated proxy cost	Raw figures (timed inside Python, one shared loop)	_pm_invoke(h, (self, 5))                 raw boundary	4192.54	ns		Android 16 (SDK 36, aarch64) / Native	958c0082b294	false
androidNativeArm64	3	ok	python.multiplatform.ffi.upcall.GeneratedProxyCostTest	Generated proxy cost	Raw figures (timed inside Python, one shared loop)	c.increment(5)                            instance method proxy	4228.37	ns		Android 16 (SDK 36, aarch64) / Native	958c0082b294	false
androidNativeArm64	3	ok	python.multiplatform.ffi.upcall.GeneratedProxyCostTest	Generated proxy cost	Raw figures (timed inside Python, one shared loop)	_pm_invoke(h, (self,))                   raw boundary	3659.1	ns		Android 16 (SDK 36, aarch64) / Native	958c0082b294	false
androidNativeArm64	3	ok	python.multiplatform.ffi.upcall.GeneratedProxyCostTest	Generated proxy cost	Raw figures (timed inside Python, one shared loop)	c.value                                   property read (descriptor)	3670.61	ns		Android 16 (SDK 36, aarch64) / Native	958c0082b294	false
androidNativeArm64	3	ok	python.multiplatform.ffi.upcall.GeneratedProxyCostTest	Generated proxy cost	Raw figures (timed inside Python, one shared loop)	_pm_invoke(h, (self, 'x'))               raw boundary	4078.47	ns		Android 16 (SDK 36, aarch64) / Native	958c0082b294	false
androidNativeArm64	3	ok	python.multiplatform.ffi.upcall.GeneratedProxyCostTest	Generated proxy cost	Raw figures (timed inside Python, one shared loop)	c.label = 'x'                             property write (descriptor)	4171.21	ns		Android 16 (SDK 36, aarch64) / Native	958c0082b294	false
androidNativeArm64	3	ok	python.multiplatform.ffi.upcall.GeneratedProxyCostTest	Generated proxy cost	Raw figures (timed inside Python, one shared loop)	_pm_invoke(h, ())                        raw boundary, arity 0 again	2701.15	ns		Android 16 (SDK 36, aarch64) / Native	958c0082b294	false
androidNativeArm64	3	ok	python.multiplatform.ffi.upcall.GeneratedProxyCostTest	Generated proxy cost	Raw figures (timed inside Python, one shared loop)	_pm_invoke(h, (12,))                     raw boundary	3221.11	ns		Android 16 (SDK 36, aarch64) / Native	958c0082b294	false
androidNativeArm64	3	ok	python.multiplatform.ffi.upcall.GeneratedProxyCostTest	Generated proxy cost	Raw figures (timed inside Python, one shared loop)	Counter.created                           static read (metaclass)	2757.78	ns		Android 16 (SDK 36, aarch64) / Native	958c0082b294	false
androidNativeArm64	3	ok	python.multiplatform.ffi.upcall.GeneratedProxyCostTest	Generated proxy cost	Raw figures (timed inside Python, one shared loop)	Counter.created = 12                      static write (metaclass)	3331.42	ns		Android 16 (SDK 36, aarch64) / Native	958c0082b294	false
androidNativeArm64	3	ok	python.multiplatform.ffi.upcall.GeneratedProxyCostTest	Generated proxy cost	Raw figures (timed inside Python, one shared loop)	demo.calc.tally                           top-level read (module type)	2778.39	ns		Android 16 (SDK 36, aarch64) / Native	958c0082b294	false
androidNativeArm64	3	ok	python.multiplatform.ffi.upcall.GeneratedProxyCostTest	Generated proxy cost	Raw figures (timed inside Python, one shared loop)	demo.calc.tally = 9                       top-level write (module type)	3316.83	ns		Android 16 (SDK 36, aarch64) / Native	958c0082b294	false
androidNativeArm64	3	ok	python.multiplatform.ffi.upcall.GeneratedProxyCostTest	Generated proxy cost	Pure-Python floors, net of the harness (no boundary anywhere in these)	plain attribute read	2.86	ns		Android 16 (SDK 36, aarch64) / Native	958c0082b294	false
androidNativeArm64	3	ok	python.multiplatform.ffi.upcall.GeneratedProxyCostTest	Generated proxy cost	Pure-Python floors, net of the harness (no boundary anywhere in these)	@property read	15.83	ns		Android 16 (SDK 36, aarch64) / Native	958c0082b294	false
androidNativeArm64	3	ok	python.multiplatform.ffi.upcall.GeneratedProxyCostTest	Generated proxy cost	Pure-Python floors, net of the harness (no boundary anywhere in these)	the descriptor itself costs	12.97	ns		Android 16 (SDK 36, aarch64) / Native	958c0082b294	false
androidNativeArm64	3	ok	python.multiplatform.ffi.upcall.GeneratedProxyCostTest	Generated proxy cost, await fast path		_pm_invoke(h, (21,)) inside the coroutine, no await	4216.17	ns		Android 16 (SDK 36, aarch64) / Native	958c0082b294	false
androidNativeArm64	3	ok	python.multiplatform.ffi.upcall.GeneratedProxyCostTest	Generated proxy cost, await fast path		await a pure-Python coroutine that never suspends	104.95	ns		Android 16 (SDK 36, aarch64) / Native	958c0082b294	false
androidNativeArm64	3	ok	python.multiplatform.ffi.upcall.GeneratedProxyCostTest	Generated proxy cost, await fast path		await demo.calc.doubleNow(21)   generated async def, fast path	4428.08	ns		Android 16 (SDK 36, aarch64) / Native	958c0082b294	false
androidNativeArm64	3	ok	python.multiplatform.ffi.upcall.GeneratedProxyCostTest	Generated proxy cost, await fast path		await proxy / raw boundary in the same loop	1.05	x		Android 16 (SDK 36, aarch64) / Native	958c0082b294	false
androidNativeArm64	3	ok	python.multiplatform.ffi.upcall.GeneratedProxyCostTest	Generated proxy cost, await fast path		what the async def wrapper adds	211.9	ns		Android 16 (SDK 36, aarch64) / Native	958c0082b294	false
androidNativeArm64	3	ok	python.multiplatform.ffi.upcall.GeneratedProxyCostTest	Generated proxy install cost		PythonProxySource.render()      Kotlin string building only	798.64	us		Android 16 (SDK 36, aarch64) / Native	958c0082b294	false
androidNativeArm64	3	ok	python.multiplatform.ffi.upcall.GeneratedProxyCostTest	Generated proxy install cost		PythonProxySource.install()     render + Python3.exec	4209.19	us		Android 16 (SDK 36, aarch64) / Native	958c0082b294	false
androidNativeArm64	3	ok	python.multiplatform.ffi.upcall.GeneratedProxyCostTest	Generated proxy install cost		...of which Python3.exec	3410.54	us		Android 16 (SDK 36, aarch64) / Native	958c0082b294	false
androidNativeArm64	3	ok	python.native.ffi.UpcallBoundaryCostTest	Upcall boundary cost	Python-driven (timed inside Python)	empty Python loop	17.22	ns	10000	Android 16 (SDK 36, aarch64) / Native	958c0082b294	false
androidNativeArm64	3	ok	python.native.ffi.UpcallBoundaryCostTest	Upcall boundary cost	Python-driven (timed inside Python)	pure-Python callee, same shape	48.86	ns	10000	Android 16 (SDK 36, aarch64) / Native	958c0082b294	false
androidNativeArm64	3	ok	python.native.ffi.UpcallBoundaryCostTest	Upcall boundary cost	Python-driven (timed inside Python)	upcall to Kotlin	3348.75	ns	10000	Android 16 (SDK 36, aarch64) / Native	958c0082b294	false
androidNativeArm64	3	ok	python.native.ffi.UpcallBoundaryCostTest	Upcall boundary cost	Python-driven (timed inside Python)	upcall net of loop	3331.52	ns	10000	Android 16 (SDK 36, aarch64) / Native	958c0082b294	false
androidNativeArm64	3	ok	python.native.ffi.UpcallBoundaryCostTest	Upcall boundary cost	Python-driven (timed inside Python)	upcall net of a Python call	3299.88	ns	10000	Android 16 (SDK 36, aarch64) / Native	958c0082b294	false
androidNativeArm64	3	ok	python.native.ffi.UpcallBoundaryCostTest	Upcall boundary cost	Comparison basis, same run (timed inside Kotlin)	Py_IncRef + Py_DecRef (2 downcalls, a GIL scope each)	2058.84	ns	10000	Android 16 (SDK 36, aarch64) / Native	958c0082b294	false
androidNativeArm64	3	ok	python.native.ffi.UpcallBoundaryCostTest	Upcall boundary cost	Comparison basis, same run (timed inside Kotlin)	PyObject_CallObject on a Python def (downcall, same shape)	2205.57	ns	10000	Android 16 (SDK 36, aarch64) / Native	958c0082b294	false
androidNativeArm64	3	ok	python.native.ffi.UpcallBoundaryCostTest	Upcall boundary cost	Comparison basis, same run (timed inside Kotlin)	UpcallTrampoline.invoke from Kotlin (no shim, no boundary)	3957.01	ns	10000	Android 16 (SDK 36, aarch64) / Native	958c0082b294	false
androidNativeArm64	3	ok	python.native.ffi.UpcallBoundaryCostTest	Upcall boundary cost	Comparison basis, same run (timed inside Kotlin)	...the same, with the GIL already held by the caller	2790.19	ns	10000	Android 16 (SDK 36, aarch64) / Native	958c0082b294	false
androidNativeArm64	3	ok	python.native.ffi.UpcallBoundaryCostTest	Upcall boundary cost	Comparison basis, same run (timed inside Kotlin)	...Python3.withPython { } with nothing in it, for scale	998.73	ns	10000	Android 16 (SDK 36, aarch64) / Native	958c0082b294	false
androidNativeArm64	3	ok	python.native.ffi.UpcallBoundaryCostTest	Upcall boundary cost	Ratios	upcall / downcall of the same shape	1.51	x	10000	Android 16 (SDK 36, aarch64) / Native	958c0082b294	false
androidNativeArm64	3	ok	python.native.ffi.UpcallBoundaryCostTest	Upcall boundary cost	Ratios	upcall / trampoline alone, caller holding nothing	0.84	x	10000	Android 16 (SDK 36, aarch64) / Native	958c0082b294	false
androidNativeArm64	3	ok	python.native.ffi.UpcallBoundaryCostTest	Upcall boundary cost	Ratios	upcall / trampoline alone, GIL held (what the shim adds)	1.2	x	10000	Android 16 (SDK 36, aarch64) / Native	958c0082b294	false
